trial_type,correct,raw_response,test_image,bait_image,lr_response,response_image,filler1,filler2,filler3,filler4,filler5
flipped,1,6,exemplarB/0372.jpg,exemplarA/372.jpg,hit,exemplarB/0372.jpg,OBJECTSALL/0765.jpg,OBJECTSALL/1365.jpg,OBJECTSALL/0972.jpg,OBJECTSALL/0174.jpg,OBJECTSALL/0591.jpg
flipped,1,3,exemplarB/021.jpg,exemplarA/21.jpg,f_n,exemplarB/021.jpg,OBJECTSALL/1271.jpg,OBJECTSALL/0622.jpg,OBJECTSALL/0285.jpg,OBJECTSALL/0013.jpg,OBJECTSALL/0775.jpg
flipped,1,4,exemplarA/129.jpg,exemplarB/0129.jpg,f_n,exemplarA/129.jpg,OBJECTSALL/1094.jpg,OBJECTSALL/1637.jpg,OBJECTSALL/0028.jpg,OBJECTSALL/0877.jpg,OBJECTSALL/0897.jpg
flipped,1,3,exemplarA/255.jpg,exemplarB/0255.jpg,f_n,exemplarA/255.jpg,OBJECTSALL/1648.jpg,OBJECTSALL/0400.jpg,OBJECTSALL/1463.jpg,OBJECTSALL/1624.jpg,OBJECTSALL/1386.jpg
flipped,0,3,exemplarA/207.jpg,exemplarB/0207.jpg,miss,OBJECTSALL/1805.jpg,OBJECTSALL/1311.jpg,OBJECTSALL/0592.jpg,OBJECTSALL/1805.jpg,OBJECTSALL/0970.jpg,OBJECTSALL/0896.jpg
flipped,1,4,exemplarB/0163.jpg,exemplarA/163.jpg,f_n,exemplarB/0163.jpg,OBJECTSALL/0699.jpg,OBJECTSALL/0399.jpg,OBJECTSALL/1345.jpg,OBJECTSALL/0968.jpg,OBJECTSALL/1780.jpg
flipped,1,1,exemplarA/134.jpg,exemplarB/0134.jpg,f_n,exemplarA/134.jpg,OBJECTSALL/1133.jpg,OBJECTSALL/1402.jpg,OBJECTSALL/1919.jpg,OBJECTSALL/0754.jpg,OBJECTSALL/0313.jpg
flipped,1,4,exemplarB/0248.jpg,exemplarA/248.jpg,f_n,exemplarB/0248.jpg,OBJECTSALL/0089.jpg,OBJECTSALL/0228.jpg,OBJECTSALL/0727.jpg,OBJECTSALL/1499.jpg,OBJECTSALL/0046.jpg
flipped,0,6,exemplarB/0373.jpg,exemplarA/373.jpg,miss,OBJECTSALL/0070.jpg,OBJECTSALL/0925.jpg,OBJECTSALL/1547.jpg,OBJECTSALL/0966.jpg,OBJECTSALL/0059.jpg,OBJECTSALL/1523.jpg
flipped,1,1,exemplarB/0230.jpg,exemplarA/230.jpg,hit,exemplarB/0230.jpg,OBJECTSALL/1697.jpg,OBJECTSALL/0810.jpg,OBJECTSALL/0928.jpg,OBJECTSALL/1640.jpg,OBJECTSALL/0314.jpg
flipped,1,5,exemplarB/0160.jpg,exemplarA/160.jpg,hit,exemplarB/0160.jpg,OBJECTSALL/0310.jpg,OBJECTSALL/0143.jpg,OBJECTSALL/1167.jpg,OBJECTSALL/1201.jpg,OBJECTSALL/1539.jpg
flipped,0,1,exemplarA/15.jpg,exemplarB/015.jpg,f_a,OBJECTSALL/1762.jpg,OBJECTSALL/1762.jpg,OBJECTSALL/0415.jpg,OBJECTSALL/1290.jpg,OBJECTSALL/1524.jpg,OBJECTSALL/1126.jpg
flipped,0,3,exemplarB/05.jpg,exemplarA/5.jpg,miss,OBJECTSALL/0539.jpg,OBJECTSALL/0081.jpg,OBJECTSALL/0266.jpg,OBJECTSALL/0539.jpg,OBJECTSALL/0736.jpg,OBJECTSALL/1793.jpg
flipped,1,4,exemplarB/0336.jpg,exemplarA/336.jpg,f_n,exemplarB/0336.jpg,OBJECTSALL/0874.jpg,OBJECTSALL/0784.jpg,OBJECTSALL/0950.jpg,OBJECTSALL/0544.jpg,OBJECTSALL/1091.jpg
flipped,1,4,exemplarA/112.jpg,exemplarB/0112.jpg,hit,exemplarA/112.jpg,OBJECTSALL/0442.jpg,OBJECTSALL/1188.jpg,OBJECTSALL/0471.jpg,OBJECTSALL/1040.jpg,OBJECTSALL/0350.jpg
flipped,1,4,exemplarB/095.jpg,exemplarA/95.jpg,hit,exemplarB/095.jpg,OBJECTSALL/0875.jpg,OBJECTSALL/0892.jpg,OBJECTSALL/0234.jpg,OBJECTSALL/0421.jpg,OBJECTSALL/1732.jpg
flipped,1,2,exemplarA/310.jpg,exemplarB/0310.jpg,hit,exemplarA/310.jpg,OBJECTSALL/1883.jpg,OBJECTSALL/1028.jpg,OBJECTSALL/0941.jpg,OBJECTSALL/0798.jpg,OBJECTSALL/1628.jpg
flipped,1,5,exemplarB/0385.jpg,exemplarA/385.jpg,hit,exemplarB/0385.jpg,OBJECTSALL/1119.jpg,OBJECTSALL/0449.jpg,OBJECTSALL/1237.jpg,OBJECTSALL/1502.jpg,OBJECTSALL/0204.jpg
flipped,1,5,exemplarA/111.jpg,exemplarB/0111.jpg,f_n,exemplarA/111.jpg,OBJECTSALL/0528.jpg,OBJECTSALL/0136.jpg,OBJECTSALL/0514.jpg,OBJECTSALL/1542.jpg,OBJECTSALL/1674.jpg
flipped,1,6,exemplarB/0316.jpg,exemplarA/316.jpg,hit,exemplarB/0316.jpg,OBJECTSALL/0199.jpg,OBJECTSALL/0989.jpg,OBJECTSALL/0161.jpg,OBJECTSALL/0226.jpg,OBJECTSALL/0743.jpg
flipped,0,5,exemplarA/28.jpg,exemplarB/028.jpg,miss,OBJECTSALL/0055.jpg,OBJECTSALL/0047.jpg,OBJECTSALL/0448.jpg,OBJECTSALL/0426.jpg,OBJECTSALL/1927.jpg,OBJECTSALL/0055.jpg
flipped,1,2,exemplarA/379.jpg,exemplarB/0379.jpg,hit,exemplarA/379.jpg,OBJECTSALL/1112.jpg,OBJECTSALL/1483.jpg,OBJECTSALL/0552.jpg,OBJECTSALL/0629.jpg,OBJECTSALL/1422.jpg
flipped,1,5,exemplarA/18.jpg,exemplarB/018.jpg,hit,exemplarA/18.jpg,OBJECTSALL/1157.jpg,OBJECTSALL/1544.jpg,OBJECTSALL/1043.jpg,OBJECTSALL/1269.jpg,OBJECTSALL/1690.jpg
flipped,1,5,exemplarA/167.jpg,exemplarB/0167.jpg,hit,exemplarA/167.jpg,OBJECTSALL/0279.jpg,OBJECTSALL/0405.jpg,OBJECTSALL/0219.jpg,OBJECTSALL/0388.jpg,OBJECTSALL/1825.jpg
flipped,0,2,exemplarB/0122.jpg,exemplarA/122.jpg,f_a,OBJECTSALL/1462.jpg,OBJECTSALL/1595.jpg,OBJECTSALL/1462.jpg,OBJECTSALL/1772.jpg,OBJECTSALL/0274.jpg,OBJECTSALL/0951.jpg
flipped,0,3,exemplarB/06.jpg,exemplarA/6.jpg,miss,OBJECTSALL/0708.jpg,OBJECTSALL/1734.jpg,OBJECTSALL/0395.jpg,OBJECTSALL/0708.jpg,OBJECTSALL/1259.jpg,OBJECTSALL/1570.jpg
flipped,0,5,exemplarB/0105.jpg,exemplarA/105.jpg,f_a,OBJECTSALL/1826.jpg,OBJECTSALL/1877.jpg,OBJECTSALL/0833.jpg,OBJECTSALL/0206.jpg,OBJECTSALL/0237.jpg,OBJECTSALL/1826.jpg
flipped,1,3,exemplarA/206.jpg,exemplarB/0206.jpg,f_n,exemplarA/206.jpg,OBJECTSALL/1794.jpg,OBJECTSALL/1563.jpg,OBJECTSALL/0822.jpg,OBJECTSALL/1244.jpg,OBJECTSALL/1304.jpg
flipped,1,4,exemplarA/91.jpg,exemplarB/091.jpg,f_n,exemplarA/91.jpg,OBJECTSALL/1940.jpg,OBJECTSALL/0444.jpg,OBJECTSALL/1586.jpg,OBJECTSALL/1686.jpg,OBJECTSALL/1457.jpg
flipped,1,2,exemplarB/0138.jpg,exemplarA/138.jpg,hit,exemplarB/0138.jpg,OBJECTSALL/0723.jpg,OBJECTSALL/0385.jpg,OBJECTSALL/0873.jpg,OBJECTSALL/1850.jpg,OBJECTSALL/0356.jpg
flipped,1,5,exemplarA/48.jpg,exemplarB/048.jpg,hit,exemplarA/48.jpg,OBJECTSALL/0280.jpg,OBJECTSALL/1812.jpg,OBJECTSALL/0422.jpg,OBJECTSALL/0895.jpg,OBJECTSALL/0401.jpg
flipped,1,6,exemplarB/01.jpg,exemplarA/1.jpg,hit,exemplarB/01.jpg,OBJECTSALL/1110.jpg,OBJECTSALL/0853.jpg,OBJECTSALL/0986.jpg,OBJECTSALL/0998.jpg,OBJECTSALL/1781.jpg
flipped,1,2,exemplarB/0172.jpg,exemplarA/172.jpg,hit,exemplarB/0172.jpg,OBJECTSALL/0716.jpg,OBJECTSALL/1618.jpg,OBJECTSALL/0073.jpg,OBJECTSALL/1411.jpg,OBJECTSALL/0824.jpg
flipped,1,4,exemplarA/109.jpg,exemplarB/0109.jpg,f_n,exemplarA/109.jpg,OBJECTSALL/0542.jpg,OBJECTSALL/0480.jpg,OBJECTSALL/0227.jpg,OBJECTSALL/0583.jpg,OBJECTSALL/0478.jpg
flipped,1,3,exemplarA/239.jpg,exemplarB/0239.jpg,hit,exemplarA/239.jpg,OBJECTSALL/1440.jpg,OBJECTSALL/1769.jpg,OBJECTSALL/0468.jpg,OBJECTSALL/0327.jpg,OBJECTSALL/0694.jpg
flipped,0,3,exemplarB/08.jpg,exemplarA/8.jpg,miss,OBJECTSALL/1497.jpg,OBJECTSALL/1475.jpg,OBJECTSALL/1010.jpg,OBJECTSALL/1497.jpg,OBJECTSALL/1211.jpg,OBJECTSALL/0664.jpg
flipped,0,5,exemplarB/0249.jpg,exemplarA/249.jpg,f_a,OBJECTSALL/0826.jpg,OBJECTSALL/1212.jpg,OBJECTSALL/1467.jpg,OBJECTSALL/1670.jpg,OBJECTSALL/0983.jpg,OBJECTSALL/0826.jpg
flipped,1,1,exemplarB/074.jpg,exemplarA/74.jpg,f_n,exemplarB/074.jpg,OBJECTSALL/1459.jpg,OBJECTSALL/0584.jpg,OBJECTSALL/1161.jpg,OBJECTSALL/0015.jpg,OBJECTSALL/0095.jpg
flipped,1,2,exemplarB/056.jpg,exemplarA/56.jpg,hit,exemplarB/056.jpg,OBJECTSALL/1316.jpg,OBJECTSALL/1396.jpg,OBJECTSALL/1556.jpg,OBJECTSALL/0729.jpg,OBJECTSALL/1192.jpg
flipped,1,1,exemplarA/333.jpg,exemplarB/0333.jpg,hit,exemplarA/333.jpg,OBJECTSALL/1535.jpg,OBJECTSALL/0705.jpg,OBJECTSALL/1743.jpg,OBJECTSALL/0848.jpg,OBJECTSALL/1679.jpg
flipped,0,6,exemplarB/041.jpg,exemplarA/41.jpg,miss,OBJECTSALL/1005.jpg,OBJECTSALL/0414.jpg,OBJECTSALL/0864.jpg,OBJECTSALL/0316.jpg,OBJECTSALL/0883.jpg,OBJECTSALL/0374.jpg
flipped,1,5,exemplarB/0201.jpg,exemplarA/201.jpg,f_n,exemplarB/0201.jpg,OBJECTSALL/0029.jpg,OBJECTSALL/1925.jpg,OBJECTSALL/0657.jpg,OBJECTSALL/0671.jpg,OBJECTSALL/0884.jpg
flipped,1,3,exemplarA/288.jpg,exemplarB/0288.jpg,f_n,exemplarA/288.jpg,OBJECTSALL/1726.jpg,OBJECTSALL/1186.jpg,OBJECTSALL/1711.jpg,OBJECTSALL/0624.jpg,OBJECTSALL/1613.jpg
flipped,1,2,exemplarB/0318.jpg,exemplarA/318.jpg,f_n,exemplarB/0318.jpg,OBJECTSALL/0482.jpg,OBJECTSALL/1286.jpg,OBJECTSALL/0417.jpg,OBJECTSALL/0814.jpg,OBJECTSALL/0378.jpg
flipped,1,2,exemplarB/0309.jpg,exemplarA/309.jpg,hit,exemplarB/0309.jpg,OBJECTSALL/0554.jpg,OBJECTSALL/0760.jpg,OBJECTSALL/1749.jpg,OBJECTSALL/0389.jpg,OBJECTSALL/0828.jpg
flipped,1,3,exemplarA/135.jpg,exemplarB/0135.jpg,f_n,exemplarA/135.jpg,OBJECTSALL/0669.jpg,OBJECTSALL/1889.jpg,OBJECTSALL/1518.jpg,OBJECTSALL/0502.jpg,OBJECTSALL/1047.jpg
flipped,1,3,exemplarA/23.jpg,exemplarB/023.jpg,hit,exemplarA/23.jpg,OBJECTSALL/0202.jpg,OBJECTSALL/0428.jpg,OBJECTSALL/0709.jpg,OBJECTSALL/1129.jpg,OBJECTSALL/1390.jpg
flipped,1,1,exemplarB/0262.jpg,exemplarA/262.jpg,hit,exemplarB/0262.jpg,OBJECTSALL/0746.jpg,OBJECTSALL/0306.jpg,OBJECTSALL/1723.jpg,OBJECTSALL/1137.jpg,OBJECTSALL/1909.jpg
flipped,1,6,exemplarB/0179.jpg,exemplarA/179.jpg,hit,exemplarB/0179.jpg,OBJECTSALL/0926.jpg,OBJECTSALL/0829.jpg,OBJECTSALL/1605.jpg,OBJECTSALL/1458.jpg,OBJECTSALL/0722.jpg
flipped,1,5,exemplarA/271.jpg,exemplarB/0271.jpg,f_n,exemplarA/271.jpg,OBJECTSALL/0769.jpg,OBJECTSALL/1763.jpg,OBJECTSALL/1956.jpg,OBJECTSALL/1415.jpg,OBJECTSALL/0625.jpg
flipped,1,3,exemplarA/211.jpg,exemplarB/0211.jpg,f_n,exemplarA/211.jpg,OBJECTSALL/1707.jpg,OBJECTSALL/0753.jpg,OBJECTSALL/0661.jpg,OBJECTSALL/1958.jpg,OBJECTSALL/1950.jpg
flipped,1,1,exemplarB/0399.jpg,exemplarA/399.jpg,hit,exemplarB/0399.jpg,OBJECTSALL/1516.jpg,OBJECTSALL/1154.jpg,OBJECTSALL/1460.jpg,OBJECTSALL/1218.jpg,OBJECTSALL/1370.jpg
flipped,1,1,exemplarA/29.jpg,exemplarB/029.jpg,hit,exemplarA/29.jpg,OBJECTSALL/0251.jpg,OBJECTSALL/1299.jpg,OBJECTSALL/1193.jpg,OBJECTSALL/0093.jpg,OBJECTSALL/0102.jpg
flipped,0,1,exemplarA/357.jpg,exemplarB/0357.jpg,f_a,OBJECTSALL/0751.jpg,OBJECTSALL/0751.jpg,OBJECTSALL/1151.jpg,OBJECTSALL/0908.jpg,OBJECTSALL/0865.jpg,OBJECTSALL/1745.jpg
flipped,1,2,exemplarB/0159.jpg,exemplarA/159.jpg,hit,exemplarB/0159.jpg,OBJECTSALL/0031.jpg,OBJECTSALL/1929.jpg,OBJECTSALL/1569.jpg,OBJECTSALL/1406.jpg,OBJECTSALL/1454.jpg
flipped,1,1,exemplarA/40.jpg,exemplarB/040.jpg,hit,exemplarA/40.jpg,OBJECTSALL/0943.jpg,OBJECTSALL/0153.jpg,OBJECTSALL/0556.jpg,OBJECTSALL/1665.jpg,OBJECTSALL/0403.jpg
flipped,0,6,exemplarB/066.jpg,exemplarA/66.jpg,f_a,OBJECTSALL/0302.jpg,OBJECTSALL/0741.jpg,OBJECTSALL/0360.jpg,OBJECTSALL/0600.jpg,OBJECTSALL/0262.jpg,OBJECTSALL/0157.jpg
flipped,1,6,exemplarA/151.jpg,exemplarB/0151.jpg,hit,exemplarA/151.jpg,OBJECTSALL/0867.jpg,OBJECTSALL/1698.jpg,OBJECTSALL/0427.jpg,OBJECTSALL/1173.jpg,OBJECTSALL/0493.jpg
flipped,1,5,exemplarB/04.jpg,exemplarA/4.jpg,hit,exemplarB/04.jpg,OBJECTSALL/1939.jpg,OBJECTSALL/0333.jpg,OBJECTSALL/0856.jpg,OBJECTSALL/1626.jpg,OBJECTSALL/1319.jpg
flipped,0,6,exemplarB/0366.jpg,exemplarA/366.jpg,f_a,OBJECTSALL/1654.jpg,OBJECTSALL/1160.jpg,OBJECTSALL/1484.jpg,OBJECTSALL/0299.jpg,OBJECTSALL/1646.jpg,OBJECTSALL/0676.jpg
flipped,1,4,exemplarA/342.jpg,exemplarB/0342.jpg,hit,exemplarA/342.jpg,OBJECTSALL/0916.jpg,OBJECTSALL/0041.jpg,OBJECTSALL/0048.jpg,OBJECTSALL/0831.jpg,OBJECTSALL/1830.jpg
flipped,1,3,exemplarA/289.jpg,exemplarB/0289.jpg,hit,exemplarA/289.jpg,OBJECTSALL/1217.jpg,OBJECTSALL/0001.jpg,OBJECTSALL/0138.jpg,OBJECTSALL/0532.jpg,OBJECTSALL/0808.jpg
flipped,1,5,exemplarA/375.jpg,exemplarB/0375.jpg,hit,exemplarA/375.jpg,OBJECTSALL/0770.jpg,OBJECTSALL/1194.jpg,OBJECTSALL/1612.jpg,OBJECTSALL/0825.jpg,OBJECTSALL/1738.jpg
flipped,1,4,exemplarB/0350.jpg,exemplarA/350.jpeg,hit,exemplarB/0350.jpg,OBJECTSALL/1085.jpg,OBJECTSALL/1493.jpg,OBJECTSALL/0292.jpg,OBJECTSALL/1291.jpg,OBJECTSALL/0557.jpg
flipped,0,2,exemplarA/301.jpg,exemplarB/0301.jpg,f_a,OBJECTSALL/0311.jpg,OBJECTSALL/0841.jpg,OBJECTSALL/0311.jpg,OBJECTSALL/1152.jpg,OBJECTSALL/0434.jpg,OBJECTSALL/1799.jpg
flipped,1,6,exemplarB/0358.jpg,exemplarA/358.jpg,hit,exemplarB/0358.jpg,OBJECTSALL/1510.jpg,OBJECTSALL/0678.jpg,OBJECTSALL/1347.jpg,OBJECTSALL/1361.jpg,OBJECTSALL/0216.jpg
flipped,1,5,exemplarA/348.jpg,exemplarB/0348.jpg,hit,exemplarA/348.jpg,OBJECTSALL/1509.jpg,OBJECTSALL/1916.jpg,OBJECTSALL/0309.jpg,OBJECTSALL/1479.jpg,OBJECTSALL/0210.jpg
flipped,1,3,exemplarB/0100.jpg,exemplarA/100.jpg,hit,exemplarB/0100.jpg,OBJECTSALL/1571.jpg,OBJECTSALL/0315.jpg,OBJECTSALL/0553.jpg,OBJECTSALL/1125.jpg,OBJECTSALL/0297.jpg
flipped,0,2,exemplarA/184.jpg,exemplarB/0184.jpg,miss,OBJECTSALL/0850.jpg,OBJECTSALL/0780.jpg,OBJECTSALL/0850.jpg,OBJECTSALL/0582.jpg,OBJECTSALL/0258.jpg,OBJECTSALL/1144.jpg
flipped,1,4,exemplarA/215.jpg,exemplarB/0215.jpg,f_n,exemplarA/215.jpg,OBJECTSALL/1257.jpg,OBJECTSALL/1803.jpg,OBJECTSALL/1234.jpg,OBJECTSALL/1659.jpg,OBJECTSALL/0764.jpg
flipped,1,2,exemplarB/067.jpg,exemplarA/67.jpg,hit,exemplarB/067.jpg,OBJECTSALL/1435.jpg,OBJECTSALL/1456.jpg,OBJECTSALL/0238.jpg,OBJECTSALL/0936.jpg,OBJECTSALL/1928.jpg
flipped,1,6,exemplarA/162.jpg,exemplarB/0162.jpg,f_n,exemplarA/162.jpg,OBJECTSALL/1951.jpg,OBJECTSALL/1321.jpg,OBJECTSALL/0453.jpg,OBJECTSALL/1644.jpg,OBJECTSALL/0312.jpg
flipped,1,4,exemplarB/073.jpg,exemplarA/73.jpg,hit,exemplarB/073.jpg,OBJECTSALL/1054.jpg,OBJECTSALL/1395.jpg,OBJECTSALL/1521.jpg,OBJECTSALL/1004.jpg,OBJECTSALL/1084.jpg
flipped,1,4,exemplarA/219.jpg,exemplarB/0219.jpg,f_n,exemplarA/219.jpg,OBJECTSALL/1689.jpg,OBJECTSALL/0652.jpg,OBJECTSALL/1724.jpg,OBJECTSALL/0211.jpg,OBJECTSALL/0732.jpg
flipped,1,6,exemplarA/263.jpg,exemplarB/0263.jpg,hit,exemplarA/263.jpg,OBJECTSALL/1873.jpg,OBJECTSALL/1811.jpg,OBJECTSALL/0763.jpg,OBJECTSALL/1519.jpg,OBJECTSALL/1604.jpg
flipped,1,2,exemplarB/0196.jpg,exemplarA/196.jpg,hit,exemplarB/0196.jpg,OBJECTSALL/0960.jpg,OBJECTSALL/1163.jpg,OBJECTSALL/0805.jpg,OBJECTSALL/0380.jpg,OBJECTSALL/0023.jpg
flipped,1,6,exemplarA/191.jpg,exemplarB/0191.jpg,f_n,exemplarA/191.jpg,OBJECTSALL/0956.jpg,OBJECTSALL/0821.jpg,OBJECTSALL/0632.jpg,OBJECTSALL/0406.jpg,OBJECTSALL/0855.jpg
flipped,1,6,exemplarA/260.jpg,exemplarB/0260.jpg,hit,exemplarA/260.jpg,OBJECTSALL/1742.jpg,OBJECTSALL/0117.jpg,OBJECTSALL/1683.jpg,OBJECTSALL/1222.jpg,OBJECTSALL/0097.jpg
flipped,0,4,exemplarA/198.jpg,exemplarB/0198.jpg,miss,OBJECTSALL/1106.jpg,OBJECTSALL/0995.jpg,OBJECTSALL/1500.jpg,OBJECTSALL/0342.jpg,OBJECTSALL/1106.jpg,OBJECTSALL/1039.jpg
flipped,1,2,exemplarB/0130.jpg,exemplarA/130.jpg,hit,exemplarB/0130.jpg,OBJECTSALL/1855.jpg,OBJECTSALL/0368.jpg,OBJECTSALL/0879.jpg,OBJECTSALL/0666.jpg,OBJECTSALL/0190.jpg
unstudied,1,2,exemplarB/046.jpg,exemplarA/46.jpg,NaN,exemplarB/046.jpg,OBJECTSALL/1030.jpg,OBJECTSALL/1874.jpg,OBJECTSALL/0077.jpg,OBJECTSALL/1053.jpg,OBJECTSALL/0649.jpg
unstudied,1,5,exemplarA/183.jpg,exemplarB/0183.jpg,NaN,exemplarA/183.jpg,OBJECTSALL/0721.jpg,OBJECTSALL/1202.jpg,OBJECTSALL/0322.jpg,OBJECTSALL/0651.jpg,OBJECTSALL/1381.jpg
unstudied,0,4,exemplarB/0323.jpg,exemplarA/323.jpg,NaN,OBJECTSALL/1782.jpg,OBJECTSALL/1642.jpg,OBJECTSALL/0799.jpg,OBJECTSALL/0857.jpg,OBJECTSALL/1782.jpg,OBJECTSALL/1229.jpg
unstudied,0,4,exemplarB/0386.jpg,exemplarA/386.jpg,NaN,OBJECTSALL/0243.jpg,OBJECTSALL/1324.jpg,OBJECTSALL/1896.jpg,OBJECTSALL/1176.jpg,OBJECTSALL/0243.jpg,OBJECTSALL/1224.jpg
unstudied,1,3,exemplarB/0145.jpg,exemplarA/145.jpg,NaN,exemplarB/0145.jpg,OBJECTSALL/1705.jpg,OBJECTSALL/0863.jpg,OBJECTSALL/1099.jpg,OBJECTSALL/0379.jpg,OBJECTSALL/0681.jpg
unstudied,1,2,exemplarB/0325.jpg,exemplarA/325.jpg,NaN,exemplarB/0325.jpg,OBJECTSALL/0116.jpg,OBJECTSALL/0616.jpg,OBJECTSALL/1035.jpg,OBJECTSALL/0590.jpg,OBJECTSALL/0464.jpg
unstudied,1,1,exemplarA/204.jpg,exemplarB/0204.jpg,NaN,exemplarA/204.jpg,OBJECTSALL/1077.jpg,OBJECTSALL/1684.jpg,OBJECTSALL/0619.jpg,OBJECTSALL/1162.jpg,OBJECTSALL/0164.jpg
unstudied,1,6,exemplarA/307.jpg,exemplarB/0307.jpg,NaN,exemplarA/307.jpg,OBJECTSALL/0473.jpg,OBJECTSALL/0290.jpg,OBJECTSALL/1955.jpg,OBJECTSALL/0296.jpg,OBJECTSALL/1725.jpg
unstudied,1,1,exemplarB/0330.jpg,exemplarA/330.jpg,NaN,exemplarB/0330.jpg,OBJECTSALL/0245.jpg,OBJECTSALL/1529.jpg,OBJECTSALL/0777.jpg,OBJECTSALL/1953.jpg,OBJECTSALL/0469.jpg
unstudied,1,4,exemplarA/270.jpg,exemplarB/0270.jpg,NaN,exemplarA/270.jpg,OBJECTSALL/0981.jpg,OBJECTSALL/1777.jpg,OBJECTSALL/0492.jpg,OBJECTSALL/1880.jpg,OBJECTSALL/1917.jpg
unstudied,1,6,exemplarA/313.jpg,exemplarB/0313.jpg,NaN,exemplarA/313.jpg,OBJECTSALL/1071.jpg,OBJECTSALL/0762.jpg,OBJECTSALL/1057.jpg,OBJECTSALL/1412.jpg,OBJECTSALL/0806.jpg
unstudied,0,2,exemplarB/0126.jpg,exemplarA/126.jpg,NaN,OBJECTSALL/1643.jpg,OBJECTSALL/1802.jpg,OBJECTSALL/1643.jpg,OBJECTSALL/0620.jpg,OBJECTSALL/1366.jpg,OBJECTSALL/1115.jpg
unstudied,0,6,exemplarB/0165.jpg,exemplarA/165.jpg,NaN,OBJECTSALL/1216.jpg,OBJECTSALL/1174.jpg,OBJECTSALL/1712.jpg,OBJECTSALL/1048.jpg,OBJECTSALL/1525.jpg,OBJECTSALL/1221.jpg
unstudied,1,5,exemplarB/0177.jpg,exemplarA/177.jpg,NaN,exemplarB/0177.jpg,OBJECTSALL/1466.jpg,OBJECTSALL/0397.jpg,OBJECTSALL/1003.jpg,OBJECTSALL/0230.jpg,OBJECTSALL/0373.jpg
unstudied,1,2,exemplarA/81.jpg,exemplarB/081.jpg,NaN,exemplarA/81.jpg,OBJECTSALL/1135.jpg,OBJECTSALL/0648.jpg,OBJECTSALL/0887.jpg,OBJECTSALL/1740.jpg,OBJECTSALL/1663.jpg
unstudied,0,3,exemplarB/0363.jpg,exemplarA/363.jpg,NaN,OBJECTSALL/1387.jpg,OBJECTSALL/1737.jpg,OBJECTSALL/0922.jpg,OBJECTSALL/1387.jpg,OBJECTSALL/1852.jpg,OBJECTSALL/1633.jpg
unstudied,0,5,exemplarA/393.jpg,exemplarB/0393.jpg,NaN,OBJECTSALL/0387.jpg,OBJECTSALL/0993.jpg,OBJECTSALL/0586.jpg,OBJECTSALL/1476.jpg,OBJECTSALL/1034.jpg,OBJECTSALL/0387.jpg
unstudied,1,3,exemplarB/0364.jpg,exemplarA/364.jpg,NaN,exemplarB/0364.jpg,OBJECTSALL/0283.jpg,OBJECTSALL/1442.jpg,OBJECTSALL/1553.jpg,OBJECTSALL/1070.jpg,OBJECTSALL/0607.jpg
unstudied,0,3,exemplarB/0292.jpg,exemplarA/292.jpg,NaN,OBJECTSALL/0682.jpg,OBJECTSALL/1751.jpg,OBJECTSALL/0735.jpg,OBJECTSALL/0682.jpg,OBJECTSALL/0905.jpg,OBJECTSALL/1482.jpg
unstudied,0,2,exemplarB/065.jpg,exemplarA/65.jpg,NaN,OBJECTSALL/1961.jpg,OBJECTSALL/0793.jpg,OBJECTSALL/1961.jpg,OBJECTSALL/0656.jpg,OBJECTSALL/1748.jpg,OBJECTSALL/0261.jpg
unstudied,0,3,exemplarB/0241.jpg,exemplarA/241.jpg,NaN,OBJECTSALL/0185.jpg,OBJECTSALL/1032.jpg,OBJECTSALL/1197.jpg,OBJECTSALL/0185.jpg,OBJECTSALL/1100.jpg,OBJECTSALL/0114.jpg
unstudied,1,6,exemplarB/0293.jpg,exemplarA/293.jpg,NaN,exemplarB/0293.jpg,OBJECTSALL/0496.jpg,OBJECTSALL/0811.jpg,OBJECTSALL/0193.jpg,OBJECTSALL/1503.jpg,OBJECTSALL/0105.jpg
unstudied,0,3,exemplarB/0199.jpg,exemplarA/199.jpg,NaN,OBJECTSALL/0595.jpg,OBJECTSALL/0196.jpg,OBJECTSALL/0086.jpg,OBJECTSALL/0595.jpg,OBJECTSALL/0357.jpg,OBJECTSALL/0778.jpg
unstudied,1,1,exemplarB/0154.jpg,exemplarA/154.jpg,NaN,exemplarB/0154.jpg,OBJECTSALL/1942.jpg,OBJECTSALL/1352.jpg,OBJECTSALL/1842.jpg,OBJECTSALL/1136.jpg,OBJECTSALL/1382.jpg
unstudied,0,5,exemplarA/221.jpg,exemplarB/0221.jpg,NaN,OBJECTSALL/0035.jpg,OBJECTSALL/0683.jpg,OBJECTSALL/0224.jpg,OBJECTSALL/0340.jpg,OBJECTSALL/0499.jpg,OBJECTSALL/0035.jpg
unstudied,0,2,exemplarA/114.jpg,exemplarB/0114.jpg,NaN,OBJECTSALL/1876.jpg,OBJECTSALL/1351.jpg,OBJECTSALL/1876.jpg,OBJECTSALL/0684.jpg,OBJECTSALL/1589.jpg,OBJECTSALL/1376.jpg
unstudied,1,6,exemplarA/53.jpg,exemplarB/053.jpg,NaN,exemplarA/53.jpg,OBJECTSALL/1792.jpg,OBJECTSALL/1680.jpg,OBJECTSALL/0907.jpg,OBJECTSALL/0058.jpg,OBJECTSALL/1661.jpg
unstudied,0,5,exemplarA/195.jpg,exemplarB/0195.jpg,NaN,OBJECTSALL/1731.jpg,OBJECTSALL/1639.jpg,OBJECTSALL/1718.jpg,OBJECTSALL/0338.jpg,OBJECTSALL/0271.jpg,OBJECTSALL/1731.jpg
unstudied,1,6,exemplarB/025.jpg,exemplarA/25.jpg,NaN,exemplarB/025.jpg,OBJECTSALL/1849.jpg,OBJECTSALL/0931.jpg,OBJECTSALL/0220.jpg,OBJECTSALL/1581.jpg,OBJECTSALL/1399.jpg
unstudied,0,4,exemplarA/137.jpg,exemplarB/0137.jpg,NaN,OBJECTSALL/0861.jpg,OBJECTSALL/0396.jpg,OBJECTSALL/1052.jpg,OBJECTSALL/0326.jpg,OBJECTSALL/0861.jpg,OBJECTSALL/0790.jpg
unstudied,1,3,exemplarB/0389.jpg,exemplarA/389.jpg,NaN,exemplarB/0389.jpg,OBJECTSALL/0773.jpg,OBJECTSALL/1206.jpg,OBJECTSALL/0179.jpg,OBJECTSALL/1400.jpg,OBJECTSALL/1706.jpg
unstudied,0,3,exemplarA/222.jpg,exemplarB/0222.jpg,NaN,OBJECTSALL/1537.jpg,OBJECTSALL/0634.jpg,OBJECTSALL/0973.jpg,OBJECTSALL/1537.jpg,OBJECTSALL/1621.jpg,OBJECTSALL/0888.jpg
unstudied,1,1,exemplarB/093.jpg,exemplarA/93.jpg,NaN,exemplarB/093.jpg,OBJECTSALL/1511.jpg,OBJECTSALL/0336.jpg,OBJECTSALL/0347.jpg,OBJECTSALL/0633.jpg,OBJECTSALL/0225.jpg
unstudied,1,4,exemplarB/0353.jpg,exemplarA/353.jpg,NaN,exemplarB/0353.jpg,OBJECTSALL/1118.jpg,OBJECTSALL/0358.jpg,OBJECTSALL/1079.jpg,OBJECTSALL/0658.jpg,OBJECTSALL/1545.jpg
unstudied,0,3,exemplarA/279.jpg,exemplarB/0279.jpg,NaN,OBJECTSALL/0056.jpg,OBJECTSALL/0569.jpg,OBJECTSALL/1246.jpg,OBJECTSALL/0056.jpg,OBJECTSALL/1885.jpg,OBJECTSALL/1558.jpg
unstudied,1,6,exemplarA/290.jpg,exemplarB/0290.jpg,NaN,exemplarA/290.jpg,OBJECTSALL/0235.jpg,OBJECTSALL/0965.jpg,OBJECTSALL/1413.jpg,OBJECTSALL/0010.jpg,OBJECTSALL/1531.jpg
unstudied,1,6,exemplarA/115.jpg,exemplarB/0115.jpg,NaN,exemplarA/115.jpg,OBJECTSALL/1818.jpg,OBJECTSALL/0457.jpg,OBJECTSALL/0353.jpg,OBJECTSALL/0007.jpg,OBJECTSALL/1508.jpg
unstudied,0,3,exemplarB/0227.jpg,exemplarA/227.jpg,NaN,OBJECTSALL/1887.jpg,OBJECTSALL/1107.jpg,OBJECTSALL/1865.jpg,OBJECTSALL/1887.jpg,OBJECTSALL/1066.jpg,OBJECTSALL/0707.jpg
unstudied,1,6,exemplarB/055.jpg,exemplarA/55.jpg,NaN,exemplarB/055.jpg,OBJECTSALL/0997.jpg,OBJECTSALL/1667.jpg,OBJECTSALL/0090.jpg,OBJECTSALL/1765.jpg,OBJECTSALL/1255.jpg
unstudied,1,4,exemplarA/351.jpg,exemplarB/0351.jpg,NaN,exemplarA/351.jpg,OBJECTSALL/1722.jpg,OBJECTSALL/1506.jpg,OBJECTSALL/0232.jpg,OBJECTSALL/1609.jpg,OBJECTSALL/1142.jpg
unstudied,1,2,exemplarB/0291.jpg,exemplarA/291.jpg,NaN,exemplarB/0291.jpg,OBJECTSALL/1891.jpg,OBJECTSALL/0490.jpg,OBJECTSALL/0712.jpg,OBJECTSALL/1036.jpg,OBJECTSALL/1114.jpg
unstudied,0,3,exemplarB/0205.jpg,exemplarA/205.jpg,NaN,OBJECTSALL/0969.jpg,OBJECTSALL/1235.jpg,OBJECTSALL/1401.jpg,OBJECTSALL/0969.jpg,OBJECTSALL/0154.jpg,OBJECTSALL/0459.jpg
unstudied,1,6,exemplarB/0157.jpg,exemplarA/157.jpg,NaN,exemplarB/0157.jpg,OBJECTSALL/1701.jpg,OBJECTSALL/0094.jpg,OBJECTSALL/1310.jpg,OBJECTSALL/0142.jpg,OBJECTSALL/1368.jpg
unstudied,0,2,exemplarB/0343.jpg,exemplarA/343.jpg,NaN,OBJECTSALL/0621.jpg,OBJECTSALL/1715.jpg,OBJECTSALL/0621.jpg,OBJECTSALL/0891.jpg,OBJECTSALL/0510.jpg,OBJECTSALL/0531.jpg
unstudied,0,1,exemplarA/252.jpg,exemplarB/0252.jpg,NaN,OBJECTSALL/1378.jpg,OBJECTSALL/1378.jpg,OBJECTSALL/1427.jpg,OBJECTSALL/1228.jpg,OBJECTSALL/0918.jpg,OBJECTSALL/1629.jpg
unstudied,1,1,exemplarA/44.jpg,exemplarB/044.jpg,NaN,exemplarA/44.jpg,OBJECTSALL/0418.jpg,OBJECTSALL/1954.jpg,OBJECTSALL/1272.jpg,OBJECTSALL/1474.jpg,OBJECTSALL/0823.jpg
unstudied,1,3,exemplarB/0273.jpg,exemplarA/273.jpg,NaN,exemplarB/0273.jpg,OBJECTSALL/1881.jpg,OBJECTSALL/1652.jpg,OBJECTSALL/1348.jpg,OBJECTSALL/1741.jpg,OBJECTSALL/0693.jpg
unstudied,1,2,exemplarB/0124.jpg,exemplarA/124.jpg,NaN,exemplarB/0124.jpg,OBJECTSALL/1417.jpg,OBJECTSALL/0635.jpg,OBJECTSALL/1062.jpg,OBJECTSALL/1892.jpg,OBJECTSALL/1103.jpg
unstudied,1,6,exemplarA/374.jpg,exemplarB/0374.jpg,NaN,exemplarA/374.jpg,OBJECTSALL/1233.jpg,OBJECTSALL/1577.jpg,OBJECTSALL/1820.jpg,OBJECTSALL/1075.jpg,OBJECTSALL/0930.jpg
unstudied,0,6,exemplarA/224.jpg,exemplarB/0224.jpg,NaN,OBJECTSALL/1270.jpg,OBJECTSALL/1097.jpg,OBJECTSALL/1041.jpg,OBJECTSALL/1790.jpg,OBJECTSALL/0511.jpg,OBJECTSALL/1538.jpg
unstudied,0,4,exemplarA/96.jpg,exemplarB/096.jpg,NaN,OBJECTSALL/1848.jpg,OBJECTSALL/0446.jpg,OBJECTSALL/1350.jpg,OBJECTSALL/0175.jpg,OBJECTSALL/1848.jpg,OBJECTSALL/1602.jpg
unstudied,1,4,exemplarB/0392.jpg,exemplarA/392.jpg,NaN,exemplarB/0392.jpg,OBJECTSALL/1341.jpg,OBJECTSALL/1232.jpg,OBJECTSALL/1367.jpg,OBJECTSALL/1695.jpg,OBJECTSALL/0527.jpg
unstudied,1,3,exemplarA/186.jpg,exemplarB/0186.jpg,NaN,exemplarA/186.jpg,OBJECTSALL/0407.jpg,OBJECTSALL/0893.jpg,OBJECTSALL/0718.jpg,OBJECTSALL/0383.jpg,OBJECTSALL/0207.jpg
unstudied,1,2,exemplarB/0297.jpg,exemplarA/297.jpg,NaN,exemplarB/0297.jpg,OBJECTSALL/1776.jpg,OBJECTSALL/1146.jpg,OBJECTSALL/0308.jpg,OBJECTSALL/0827.jpg,OBJECTSALL/1372.jpg
unstudied,1,3,exemplarA/68.jpg,exemplarB/068.jpg,NaN,exemplarA/68.jpg,OBJECTSALL/0268.jpg,OBJECTSALL/1307.jpg,OBJECTSALL/1296.jpg,OBJECTSALL/0842.jpg,OBJECTSALL/1632.jpg
unstudied,1,1,exemplarB/0294.jpg,exemplarA/294.jpg,NaN,exemplarB/0294.jpg,OBJECTSALL/0288.jpg,OBJECTSALL/1768.jpg,OBJECTSALL/1078.jpg,OBJECTSALL/1322.jpg,OBJECTSALL/1023.jpg
unstudied,1,1,exemplarA/244.jpg,exemplarB/0244.jpg,NaN,exemplarA/244.jpg,OBJECTSALL/0585.jpg,OBJECTSALL/0156.jpg,OBJECTSALL/1963.jpg,OBJECTSALL/0802.jpg,OBJECTSALL/0113.jpg
unstudied,1,2,exemplarB/0303.jpg,exemplarA/303.jpg,NaN,exemplarB/0303.jpg,OBJECTSALL/0559.jpg,OBJECTSALL/0067.jpg,OBJECTSALL/1357.jpg,OBJECTSALL/1153.jpg,OBJECTSALL/0018.jpg
unstudied,0,1,exemplarB/0235.jpg,exemplarA/235.jpg,NaN,OBJECTSALL/1306.jpg,OBJECTSALL/1306.jpg,OBJECTSALL/0065.jpg,OBJECTSALL/1215.jpg,OBJECTSALL/0609.jpg,OBJECTSALL/1132.jpg
unstudied,0,1,exemplarB/032.jpg,exemplarA/32.jpg,NaN,OBJECTSALL/0940.jpg,OBJECTSALL/0940.jpg,OBJECTSALL/0534.jpg,OBJECTSALL/1021.jpg,OBJECTSALL/0487.jpg,OBJECTSALL/0662.jpg
unstudied,0,4,exemplarB/0217.jpg,exemplarA/217.jpg,NaN,OBJECTSALL/0576.jpg,OBJECTSALL/1754.jpg,OBJECTSALL/0430.jpg,OBJECTSALL/1735.jpg,OBJECTSALL/0576.jpg,OBJECTSALL/1090.jpg
unstudied,0,1,exemplarB/0275.jpg,exemplarA/275.jpg,NaN,OBJECTSALL/1638.jpg,OBJECTSALL/1638.jpg,OBJECTSALL/0195.jpg,OBJECTSALL/1948.jpg,OBJECTSALL/0163.jpg,OBJECTSALL/1398.jpg
unstudied,0,1,exemplarA/229.jpg,exemplarB/0229.jpg,NaN,OBJECTSALL/1223.jpg,OBJECTSALL/1223.jpg,OBJECTSALL/1416.jpg,OBJECTSALL/0281.jpg,OBJECTSALL/1902.jpg,OBJECTSALL/1564.jpg
unstudied,1,5,exemplarB/0236.jpg,exemplarA/236.jpg,NaN,exemplarB/0236.jpg,OBJECTSALL/0301.jpg,OBJECTSALL/0934.jpg,OBJECTSALL/0139.jpg,OBJECTSALL/0390.jpg,OBJECTSALL/0647.jpg
unstudied,0,2,exemplarA/370.jpg,exemplarB/0370.jpg,NaN,OBJECTSALL/1959.jpg,OBJECTSALL/1932.jpg,OBJECTSALL/1959.jpg,OBJECTSALL/0782.jpg,OBJECTSALL/1584.jpg,OBJECTSALL/1693.jpg
unstudied,0,4,exemplarB/0188.jpg,exemplarA/188.jpg,NaN,OBJECTSALL/0602.jpg,OBJECTSALL/1669.jpg,OBJECTSALL/0287.jpg,OBJECTSALL/0484.jpg,OBJECTSALL/0602.jpg,OBJECTSALL/1027.jpg
unstudied,0,4,exemplarB/0243.jpg,exemplarA/243.jpg,NaN,OBJECTSALL/1026.jpg,OBJECTSALL/0924.jpg,OBJECTSALL/0526.jpg,OBJECTSALL/1158.jpg,OBJECTSALL/1026.jpg,OBJECTSALL/0239.jpg
unstudied,1,4,exemplarB/0150.JPG,exemplarA/150.jpg,NaN,exemplarB/0150.JPG,OBJECTSALL/0820.jpg,OBJECTSALL/0402.jpg,OBJECTSALL/1797.jpg,OBJECTSALL/0221.jpg,OBJECTSALL/1283.jpg
unstudied,0,4,exemplarB/0300.jpg,exemplarA/300.jpg,NaN,OBJECTSALL/1469.jpg,OBJECTSALL/1492.jpg,OBJECTSALL/0107.jpg,OBJECTSALL/1599.jpg,OBJECTSALL/1469.jpg,OBJECTSALL/0594.jpg
unstudied,0,4,exemplarB/0136.jpg,exemplarA/136.jpg,NaN,OBJECTSALL/1309.jpg,OBJECTSALL/1300.jpg,OBJECTSALL/0186.jpg,OBJECTSALL/1480.jpg,OBJECTSALL/1309.jpg,OBJECTSALL/0979.jpg
unstudied,0,3,exemplarA/317.jpg,exemplarB/0317.jpg,NaN,OBJECTSALL/0433.jpg,OBJECTSALL/0530.jpg,OBJECTSALL/0439.jpg,OBJECTSALL/0433.jpg,OBJECTSALL/1710.jpg,OBJECTSALL/0881.jpg
unstudied,1,2,exemplarB/0319.jpg,exemplarA/319.jpg,NaN,exemplarB/0319.jpg,OBJECTSALL/0249.jpg,OBJECTSALL/1714.jpg,OBJECTSALL/1653.jpg,OBJECTSALL/0066.jpg,OBJECTSALL/0687.jpg
unstudied,0,4,exemplarA/308.jpg,exemplarB/0308.jpg,NaN,OBJECTSALL/0909.jpg,OBJECTSALL/1755.jpg,OBJECTSALL/0030.jpg,OBJECTSALL/0170.jpg,OBJECTSALL/0909.jpg,OBJECTSALL/0147.jpg
unstudied,0,4,exemplarB/0371.jpg,exemplarA/371.jpg,NaN,OBJECTSALL/0869.jpg,OBJECTSALL/0410.jpg,OBJECTSALL/0419.jpg,OBJECTSALL/0132.jpg,OBJECTSALL/0869.jpg,OBJECTSALL/0927.jpg
unstudied,0,3,exemplarA/344.jpg,exemplarB/0344.jpg,NaN,OBJECTSALL/0064.jpg,OBJECTSALL/0611.jpg,OBJECTSALL/0906.jpg,OBJECTSALL/0064.jpg,OBJECTSALL/0967.jpg,OBJECTSALL/1185.jpg
unstudied,0,1,exemplarB/0320.jpg,exemplarA/320.jpg,NaN,OBJECTSALL/1687.jpg,OBJECTSALL/1687.jpg,OBJECTSALL/0122.jpg,OBJECTSALL/1181.jpg,OBJECTSALL/1407.jpg,OBJECTSALL/0772.jpg
unstudied,1,5,exemplarB/0116.jpg,exemplarA/116.jpg,NaN,exemplarB/0116.jpg,OBJECTSALL/0933.jpg,OBJECTSALL/0369.jpg,OBJECTSALL/1364.jpg,OBJECTSALL/0014.jpg,OBJECTSALL/0977.jpg
unstudied,1,3,exemplarB/036.JPG,exemplarA/36.jpg,NaN,exemplarB/036.JPG,OBJECTSALL/1414.jpg,OBJECTSALL/1450.jpg,OBJECTSALL/0229.jpg,OBJECTSALL/1410.jpg,OBJECTSALL/1042.jpg
unstudied,1,1,exemplarA/121.jpg,exemplarB/0121.jpg,NaN,exemplarA/121.jpg,OBJECTSALL/0608.jpg,OBJECTSALL/1746.jpg,OBJECTSALL/1901.jpg,OBJECTSALL/1543.jpg,OBJECTSALL/0303.jpg
unstudied,0,1,exemplarA/22.jpg,exemplarB/022.jpg,NaN,OBJECTSALL/0078.jpg,OBJECTSALL/0078.jpg,OBJECTSALL/1425.jpg,OBJECTSALL/1465.jpg,OBJECTSALL/0413.jpg,OBJECTSALL/0068.jpg
memory6AFC,1,4,exemplarA/247.jpg,exemplarB/0247.jpg,NaN,exemplarA/247.jpg,OBJECTSALL/0329.jpg,OBJECTSALL/1325.jpg,OBJECTSALL/1721.jpg,OBJECTSALL/0549.jpg,OBJECTSALL/1752.jpg
memory6AFC,0,4,exemplarA/237.jpg,exemplarB/0237.jpg,NaN,OBJECTSALL/0411.jpg,OBJECTSALL/0039.jpg,OBJECTSALL/0734.jpg,OBJECTSALL/1297.jpg,OBJECTSALL/0411.jpg,OBJECTSALL/0203.jpg
memory6AFC,0,4,exemplarB/0327.jpg,exemplarA/327.jpg,NaN,OBJECTSALL/0447.jpg,OBJECTSALL/1448.jpg,OBJECTSALL/0460.jpg,OBJECTSALL/0103.jpg,OBJECTSALL/0447.jpg,OBJECTSALL/1451.jpg
memory6AFC,0,2,exemplarB/0226.jpg,exemplarA/226.jpg,NaN,OBJECTSALL/0033.jpg,OBJECTSALL/0372.jpg,OBJECTSALL/0033.jpg,OBJECTSALL/0731.jpg,OBJECTSALL/1312.jpg,OBJECTSALL/1903.jpg
memory6AFC,0,2,exemplarA/376.jpg,exemplarB/0376.JPG,NaN,OBJECTSALL/0749.jpg,OBJECTSALL/1804.jpg,OBJECTSALL/0749.jpg,OBJECTSALL/0702.jpg,OBJECTSALL/0467.jpg,OBJECTSALL/1688.jpg
memory6AFC,1,3,exemplarB/0144.jpg,exemplarA/144.jpg,NaN,exemplarB/0144.jpg,OBJECTSALL/1938.jpg,OBJECTSALL/1061.jpg,OBJECTSALL/1588.jpg,OBJECTSALL/0169.jpg,OBJECTSALL/1264.jpg
memory6AFC,0,3,exemplarB/0367.jpg,exemplarA/367.jpg,NaN,OBJECTSALL/0737.jpg,OBJECTSALL/0715.jpg,OBJECTSALL/1258.jpg,OBJECTSALL/0737.jpg,OBJECTSALL/0332.jpg,OBJECTSALL/1587.jpg
memory6AFC,1,2,exemplarB/0266.jpg,exemplarA/266.jpg,NaN,exemplarB/0266.jpg,OBJECTSALL/0955.jpg,OBJECTSALL/0370.jpg,OBJECTSALL/1426.jpg,OBJECTSALL/1285.jpg,OBJECTSALL/0188.jpg
memory6AFC,0,2,exemplarA/242.jpg,exemplarB/0242.jpg,NaN,OBJECTSALL/1952.jpg,OBJECTSALL/1081.jpg,OBJECTSALL/1952.jpg,OBJECTSALL/0615.jpg,OBJECTSALL/0036.jpg,OBJECTSALL/1243.jpg
memory6AFC,1,5,exemplarB/0218.jpg,exemplarA/218.jpg,NaN,exemplarB/0218.jpg,OBJECTSALL/0578.jpg,OBJECTSALL/1379.jpg,OBJECTSALL/1623.jpg,OBJECTSALL/1196.jpg,OBJECTSALL/1615.jpg
memory6AFC,1,6,exemplarB/0278.jpg,exemplarA/278.jpg,NaN,exemplarB/0278.jpg,OBJECTSALL/0200.jpg,OBJECTSALL/1937.jpg,OBJECTSALL/1044.jpg,OBJECTSALL/0331.jpg,OBJECTSALL/1649.jpg
memory6AFC,1,5,exemplarA/197.jpg,exemplarB/0197.jpg,NaN,exemplarA/197.jpg,OBJECTSALL/0843.jpg,OBJECTSALL/0660.jpg,OBJECTSALL/1213.jpg,OBJECTSALL/0747.jpg,OBJECTSALL/0587.jpg
memory6AFC,1,5,exemplarB/0339.jpg,exemplarA/339.jpg,NaN,exemplarB/0339.jpg,OBJECTSALL/0127.jpg,OBJECTSALL/0343.jpg,OBJECTSALL/0954.jpg,OBJECTSALL/0181.jpg,OBJECTSALL/1320.jpg
memory6AFC,1,6,exemplarA/146.jpg,exemplarB/0146.jpg,NaN,exemplarA/146.jpg,OBJECTSALL/1862.jpg,OBJECTSALL/0435.jpg,OBJECTSALL/1574.jpg,OBJECTSALL/1650.jpg,OBJECTSALL/0412.jpg
memory6AFC,0,6,exemplarA/213.jpg,exemplarB/0213.jpg,NaN,OBJECTSALL/1248.jpg,OBJECTSALL/0929.jpg,OBJECTSALL/1060.jpg,OBJECTSALL/0781.jpg,OBJECTSALL/0868.jpg,OBJECTSALL/0038.jpg
memory6AFC,1,3,exemplarA/170.jpg,exemplarB/0170.jpg,NaN,exemplarA/170.jpg,OBJECTSALL/0273.jpg,OBJECTSALL/0862.jpg,OBJECTSALL/0384.jpg,OBJECTSALL/1284.jpg,OBJECTSALL/0085.jpg
memory6AFC,0,3,exemplarB/016.jpg,exemplarA/16.jpg,NaN,OBJECTSALL/0375.jpg,OBJECTSALL/0183.jpg,OBJECTSALL/1911.jpg,OBJECTSALL/0375.jpg,OBJECTSALL/0628.jpg,OBJECTSALL/0589.jpg
memory6AFC,1,1,exemplarA/355.jpg,exemplarB/0355.jpg,NaN,exemplarA/355.jpg,OBJECTSALL/0509.jpg,OBJECTSALL/0577.jpg,OBJECTSALL/1962.jpg,OBJECTSALL/0006.jpg,OBJECTSALL/0126.jpg
memory6AFC,1,3,exemplarA/118.jpg,exemplarB/0118.jpg,NaN,exemplarA/118.jpg,OBJECTSALL/1744.jpg,OBJECTSALL/1784.jpg,OBJECTSALL/1339.jpg,OBJECTSALL/1261.jpg,OBJECTSALL/0942.jpg
memory6AFC,0,3,exemplarA/178.jpg,exemplarB/0178.jpg,NaN,OBJECTSALL/1220.jpg,OBJECTSALL/0158.jpg,OBJECTSALL/0738.jpg,OBJECTSALL/1220.jpg,OBJECTSALL/0978.jpg,OBJECTSALL/1704.jpg
memory6AFC,1,5,exemplarB/034.jpg,exemplarA/34.jpg,NaN,exemplarB/034.jpg,OBJECTSALL/0643.jpg,OBJECTSALL/0416.jpg,OBJECTSALL/1893.jpg,OBJECTSALL/1575.jpg,OBJECTSALL/1554.jpg
memory6AFC,0,5,exemplarB/0315.jpg,exemplarA/315.jpg,NaN,OBJECTSALL/0667.jpg,OBJECTSALL/1800.jpg,OBJECTSALL/0151.jpg,OBJECTSALL/1813.jpg,OBJECTSALL/1501.jpg,OBJECTSALL/0667.jpg
memory6AFC,0,3,exemplarB/059.jpg,exemplarA/59.jpg,NaN,OBJECTSALL/0359.jpg,OBJECTSALL/0098.jpg,OBJECTSALL/0593.jpg,OBJECTSALL/0359.jpg,OBJECTSALL/0223.jpg,OBJECTSALL/1760.jpg
memory6AFC,0,3,exemplarA/388.jpg,exemplarB/0388.jpg,NaN,OBJECTSALL/0610.jpg,OBJECTSALL/1230.jpg,OBJECTSALL/1289.jpg,OBJECTSALL/0610.jpg,OBJECTSALL/1092.jpg,OBJECTSALL/1859.jpg
memory6AFC,1,5,exemplarB/0299.jpg,exemplarA/299.jpg,NaN,exemplarB/0299.jpg,OBJECTSALL/1408.jpg,OBJECTSALL/0278.jpg,OBJECTSALL/1249.jpg,OBJECTSALL/1332.jpg,OBJECTSALL/0432.jpg
memory6AFC,0,5,exemplarB/0103.jpg,exemplarA/103.jpg,NaN,OBJECTSALL/1645.jpg,OBJECTSALL/1924.jpg,OBJECTSALL/1791.jpg,OBJECTSALL/0809.jpg,OBJECTSALL/0834.jpg,OBJECTSALL/1645.jpg
memory6AFC,1,5,exemplarB/0282.jpg,exemplarA/282.jpg,NaN,exemplarB/0282.jpg,OBJECTSALL/1673.jpg,OBJECTSALL/1104.jpg,OBJECTSALL/1541.jpg,OBJECTSALL/1727.jpg,OBJECTSALL/0080.jpg
memory6AFC,1,1,exemplarB/013.jpg,exemplarA/13.jpg,NaN,exemplarB/013.jpg,OBJECTSALL/1495.jpg,OBJECTSALL/1338.jpg,OBJECTSALL/0524.jpg,OBJECTSALL/0252.jpg,OBJECTSALL/0915.jpg
memory6AFC,0,1,exemplarA/362.jpg,exemplarB/0362.jpg,NaN,OBJECTSALL/0498.jpg,OBJECTSALL/0498.jpg,OBJECTSALL/0282.jpg,OBJECTSALL/1717.jpg,OBJECTSALL/1944.jpg,OBJECTSALL/1198.jpg
memory6AFC,0,5,exemplarB/0384.jpg,exemplarA/384.jpg,NaN,OBJECTSALL/1069.jpg,OBJECTSALL/0123.jpg,OBJECTSALL/1507.jpg,OBJECTSALL/1000.jpg,OBJECTSALL/0026.jpg,OBJECTSALL/1069.jpg
memory6AFC,0,5,exemplarA/306.jpg,exemplarB/0306.jpg,NaN,OBJECTSALL/0291.jpg,OBJECTSALL/1514.jpg,OBJECTSALL/0630.jpg,OBJECTSALL/0371.jpg,OBJECTSALL/1452.jpg,OBJECTSALL/0291.jpg
memory6AFC,0,5,exemplarA/396.jpg,exemplarB/0396.jpg,NaN,OBJECTSALL/0423.jpg,OBJECTSALL/1394.jpg,OBJECTSALL/1121.jpg,OBJECTSALL/1936.jpg,OBJECTSALL/1894.jpg,OBJECTSALL/0423.jpg
memory6AFC,0,4,exemplarB/092.jpg,exemplarA/92.jpg,NaN,OBJECTSALL/0748.jpg,OBJECTSALL/0264.jpg,OBJECTSALL/1886.jpg,OBJECTSALL/1899.jpg,OBJECTSALL/0748.jpg,OBJECTSALL/0579.jpg
memory6AFC,0,4,exemplarB/0245.jpg,exemplarA/245.jpg,NaN,OBJECTSALL/0325.jpg,OBJECTSALL/1434.jpg,OBJECTSALL/1282.jpg,OBJECTSALL/1214.jpg,OBJECTSALL/0325.jpg,OBJECTSALL/0561.jpg
memory6AFC,0,5,exemplarA/61.jpg,exemplarB/061.jpg,NaN,OBJECTSALL/1383.jpg,OBJECTSALL/1055.jpg,OBJECTSALL/0506.jpg,OBJECTSALL/0917.jpg,OBJECTSALL/0691.jpg,OBJECTSALL/1383.jpg
memory6AFC,0,3,exemplarA/174.jpg,exemplarB/0174.jpg,NaN,OBJECTSALL/0752.jpg,OBJECTSALL/1056.jpg,OBJECTSALL/1572.jpg,OBJECTSALL/0752.jpg,OBJECTSALL/0300.jpg,OBJECTSALL/0845.jpg
memory6AFC,0,3,exemplarA/39.jpg,exemplarB/039.jpg,NaN,OBJECTSALL/0504.jpg,OBJECTSALL/1750.jpg,OBJECTSALL/1694.jpg,OBJECTSALL/0504.jpg,OBJECTSALL/0614.jpg,OBJECTSALL/0645.jpg
memory6AFC,1,5,exemplarB/0158.jpg,exemplarA/158.jpg,NaN,exemplarB/0158.jpg,OBJECTSALL/1941.jpg,OBJECTSALL/1560.jpg,OBJECTSALL/1033.jpg,OBJECTSALL/0034.jpg,OBJECTSALL/0260.jpg
memory6AFC,0,5,exemplarA/302.jpg,exemplarB/0302.jpg,NaN,OBJECTSALL/1001.jpg,OBJECTSALL/0477.jpg,OBJECTSALL/1884.jpg,OBJECTSALL/1908.jpg,OBJECTSALL/0450.jpg,OBJECTSALL/1001.jpg
memory6AFC,0,3,exemplarB/0141.jpg,exemplarA/141.jpg,NaN,OBJECTSALL/0637.jpg,OBJECTSALL/1536.jpg,OBJECTSALL/0533.jpg,OBJECTSALL/0637.jpg,OBJECTSALL/0246.jpg,OBJECTSALL/1059.jpg
memory6AFC,0,3,exemplarB/099.jpg,exemplarA/99.jpg,NaN,OBJECTSALL/0454.jpg,OBJECTSALL/1260.jpg,OBJECTSALL/1898.jpg,OBJECTSALL/0454.jpg,OBJECTSALL/0575.jpg,OBJECTSALL/1708.jpg
memory6AFC,1,6,exemplarB/0256.jpg,exemplarA/256.jpg,NaN,exemplarB/0256.jpg,OBJECTSALL/0255.jpg,OBJECTSALL/1736.jpg,OBJECTSALL/1692.jpg,OBJECTSALL/1678.jpg,OBJECTSALL/0032.jpg
memory6AFC,0,6,exemplarB/089.jpg,exemplarA/89.jpg,NaN,OBJECTSALL/1336.jpg,OBJECTSALL/0044.jpg,OBJECTSALL/1593.jpg,OBJECTSALL/1647.jpg,OBJECTSALL/0129.jpg,OBJECTSALL/0612.jpg
memory6AFC,1,2,exemplarA/187.jpg,exemplarB/0187.jpg,NaN,exemplarA/187.jpg,OBJECTSALL/0901.jpg,OBJECTSALL/0100.jpg,OBJECTSALL/0698.jpg,OBJECTSALL/1468.jpg,OBJECTSALL/1170.jpg
memory6AFC,0,6,exemplarB/0400.jpg,exemplarA/400.jpg,NaN,OBJECTSALL/1334.jpg,OBJECTSALL/1231.jpg,OBJECTSALL/0551.jpg,OBJECTSALL/1432.jpg,OBJECTSALL/0959.jpg,OBJECTSALL/1011.jpg
memory6AFC,1,6,exemplarA/234.jpg,exemplarB/0234.jpg,NaN,exemplarA/234.jpg,OBJECTSALL/1423.jpg,OBJECTSALL/0701.jpg,OBJECTSALL/0218.jpg,OBJECTSALL/0110.jpg,OBJECTSALL/1190.jpg
memory6AFC,0,6,exemplarA/94.jpg,exemplarB/094.jpg,NaN,OBJECTSALL/0214.jpg,OBJECTSALL/0354.jpg,OBJECTSALL/0980.jpg,OBJECTSALL/1037.jpg,OBJECTSALL/0304.jpg,OBJECTSALL/0008.jpg
memory6AFC,0,2,exemplarA/232.jpg,exemplarB/0232.jpg,NaN,OBJECTSALL/0476.jpg,OBJECTSALL/0265.jpg,OBJECTSALL/0476.jpg,OBJECTSALL/0061.jpg,OBJECTSALL/0208.jpg,OBJECTSALL/0870.jpg
memory6AFC,0,2,exemplarA/231.jpg,exemplarB/0231.jpg,NaN,OBJECTSALL/0847.jpg,OBJECTSALL/1890.jpg,OBJECTSALL/0847.jpg,OBJECTSALL/1562.jpg,OBJECTSALL/1354.jpg,OBJECTSALL/1404.jpg
memory6AFC,0,2,exemplarB/0398.jpg,exemplarA/398.jpg,NaN,OBJECTSALL/1806.jpg,OBJECTSALL/1823.jpg,OBJECTSALL/1806.jpg,OBJECTSALL/1485.jpg,OBJECTSALL/0641.jpg,OBJECTSALL/1210.jpg
memory6AFC,1,3,exemplarB/0173.jpg,exemplarA/173.jpg,NaN,exemplarB/0173.jpg,OBJECTSALL/0560.jpg,OBJECTSALL/1444.jpg,OBJECTSALL/0985.jpg,OBJECTSALL/0601.jpg,OBJECTSALL/1203.jpg
memory6AFC,0,2,exemplarA/233.jpg,exemplarB/0233.jpg,NaN,OBJECTSALL/1933.jpg,OBJECTSALL/1900.jpg,OBJECTSALL/1933.jpg,OBJECTSALL/0269.jpg,OBJECTSALL/1921.jpg,OBJECTSALL/1747.jpg
memory6AFC,0,2,exemplarB/0147.jpg,exemplarA/147.jpg,NaN,OBJECTSALL/0672.jpg,OBJECTSALL/1265.jpg,OBJECTSALL/0672.jpg,OBJECTSALL/0700.jpg,OBJECTSALL/0319.jpg,OBJECTSALL/1703.jpg
memory6AFC,0,5,exemplarB/0368.jpg,exemplarA/368.jpg,NaN,OBJECTSALL/1275.jpg,OBJECTSALL/1871.jpg,OBJECTSALL/0057.jpg,OBJECTSALL/0839.jpg,OBJECTSALL/1579.jpg,OBJECTSALL/1275.jpg
memory6AFC,0,6,exemplarA/382.jpg,exemplarB/0382.jpg,NaN,OBJECTSALL/0522.jpg,OBJECTSALL/0971.jpg,OBJECTSALL/0051.jpg,OBJECTSALL/0431.jpg,OBJECTSALL/1566.jpg,OBJECTSALL/0725.jpg
memory6AFC,0,6,exemplarA/7.jpg,exemplarB/07.jpg,NaN,OBJECTSALL/1080.jpg,OBJECTSALL/1038.jpg,OBJECTSALL/1561.jpg,OBJECTSALL/1918.jpg,OBJECTSALL/0462.jpg,OBJECTSALL/0744.jpg
memory6AFC,0,4,exemplarB/043.jpg,exemplarA/43.jpg,NaN,OBJECTSALL/1058.jpg,OBJECTSALL/1821.jpg,OBJECTSALL/0914.jpg,OBJECTSALL/0899.jpg,OBJECTSALL/1058.jpg,OBJECTSALL/1934.jpg
memory6AFC,0,4,exemplarB/090.jpg,exemplarA/90.jpg,NaN,OBJECTSALL/0187.jpg,OBJECTSALL/0663.jpg,OBJECTSALL/0019.jpg,OBJECTSALL/0231.jpg,OBJECTSALL/0187.jpg,OBJECTSALL/1869.jpg
memory6AFC,0,2,exemplarA/37.jpg,exemplarB/037.jpg,NaN,OBJECTSALL/1515.jpg,OBJECTSALL/0494.jpg,OBJECTSALL/1515.jpg,OBJECTSALL/0910.jpg,OBJECTSALL/1437.jpg,OBJECTSALL/1664.jpg
memory6AFC,0,2,exemplarB/097.jpg,exemplarA/97.jpg,NaN,OBJECTSALL/1018.jpg,OBJECTSALL/0259.jpg,OBJECTSALL/1018.jpg,OBJECTSALL/0125.jpg,OBJECTSALL/0952.jpg,OBJECTSALL/0710.jpg
memory6AFC,0,2,exemplarA/33.jpg,exemplarB/033.jpg,NaN,OBJECTSALL/0167.jpg,OBJECTSALL/1614.jpg,OBJECTSALL/0167.jpg,OBJECTSALL/0334.jpg,OBJECTSALL/0088.jpg,OBJECTSALL/0162.jpg
memory6AFC,0,5,exemplarB/0394.jpg,exemplarA/394.jpg,NaN,OBJECTSALL/0813.jpg,OBJECTSALL/1439.jpg,OBJECTSALL/1627.jpg,OBJECTSALL/1150.jpg,OBJECTSALL/1169.jpg,OBJECTSALL/0813.jpg
memory6AFC,1,4,exemplarA/148.jpg,exemplarB/0148.jpg,NaN,exemplarA/148.jpg,OBJECTSALL/0812.jpg,OBJECTSALL/0717.jpg,OBJECTSALL/1098.jpg,OBJECTSALL/1660.jpg,OBJECTSALL/1301.jpg
memory6AFC,0,4,exemplarA/75.jpg,exemplarB/075.jpg,NaN,OBJECTSALL/1920.jpg,OBJECTSALL/0040.jpg,OBJECTSALL/1318.jpg,OBJECTSALL/0003.jpg,OBJECTSALL/1920.jpg,OBJECTSALL/0911.jpg
memory6AFC,0,4,exemplarA/3.jpg,exemplarB/03.jpg,NaN,OBJECTSALL/1486.jpg,OBJECTSALL/0409.jpg,OBJECTSALL/0025.jpg,OBJECTSALL/0024.jpg,OBJECTSALL/1486.jpg,OBJECTSALL/1610.jpg
memory6AFC,0,4,exemplarB/0397.jpg,exemplarA/397.jpg,NaN,OBJECTSALL/0570.jpg,OBJECTSALL/1225.jpg,OBJECTSALL/0603.jpg,OBJECTSALL/1691.jpg,OBJECTSALL/0570.jpg,OBJECTSALL/1565.jpg
memory6AFC,1,6,exemplarA/152.jpg,exemplarB/0152.jpg,NaN,exemplarA/152.jpg,OBJECTSALL/0771.jpg,OBJECTSALL/0386.jpg,OBJECTSALL/1315.jpg,OBJECTSALL/0636.jpg,OBJECTSALL/0546.jpg
memory6AFC,0,6,exemplarA/285.jpg,exemplarB/0285.jpg,NaN,OBJECTSALL/0016.jpg,OBJECTSALL/0455.jpg,OBJECTSALL/1195.jpg,OBJECTSALL/0456.jpg,OBJECTSALL/0212.jpg,OBJECTSALL/1771.jpg
memory6AFC,0,1,exemplarB/0341.jpg,exemplarA/341.jpeg,NaN,OBJECTSALL/0240.jpg,OBJECTSALL/0240.jpg,OBJECTSALL/0050.jpg,OBJECTSALL/1730.jpg,OBJECTSALL/0222.jpg,OBJECTSALL/0254.jpg
memory6AFC,0,1,exemplarA/208.jpg,exemplarB/0208.jpg,NaN,OBJECTSALL/0640.jpg,OBJECTSALL/0640.jpg,OBJECTSALL/1384.jpg,OBJECTSALL/0079.jpg,OBJECTSALL/1767.jpg,OBJECTSALL/1227.jpg
memory6AFC,1,3,exemplarA/283.jpg,exemplarB/0283.jpg,NaN,exemplarA/283.jpg,OBJECTSALL/1635.jpg,OBJECTSALL/1611.jpg,OBJECTSALL/1277.jpg,OBJECTSALL/1430.jpg,OBJECTSALL/1778.jpg
memory6AFC,1,5,exemplarA/107.jpg,exemplarB/0107.jpg,NaN,exemplarA/107.jpg,OBJECTSALL/1651.jpg,OBJECTSALL/0740.jpg,OBJECTSALL/1156.jpg,OBJECTSALL/0987.jpg,OBJECTSALL/1598.jpg
memory6AFC,0,5,exemplarA/35.jpg,exemplarB/035.jpg,NaN,OBJECTSALL/1573.jpg,OBJECTSALL/1533.jpg,OBJECTSALL/1353.jpg,OBJECTSALL/1175.jpg,OBJECTSALL/0655.jpg,OBJECTSALL/1573.jpg
memory6AFC,1,2,exemplarA/14.jpg,exemplarB/014.jpg,NaN,exemplarA/14.jpg,OBJECTSALL/0538.jpg,OBJECTSALL/1392.jpg,OBJECTSALL/0075.jpg,OBJECTSALL/0964.jpg,OBJECTSALL/0096.jpg
memory6AFC,0,4,exemplarA/31.jpg,exemplarB/031.jpg,NaN,OBJECTSALL/0713.jpg,OBJECTSALL/1219.jpg,OBJECTSALL/0393.jpg,OBJECTSALL/0120.jpg,OBJECTSALL/0713.jpg,OBJECTSALL/0115.jpg
memory6AFC,0,4,exemplarB/017.jpg,exemplarA/17.jpg,NaN,OBJECTSALL/1337.jpg,OBJECTSALL/1785.jpg,OBJECTSALL/0541.jpg,OBJECTSALL/1287.jpg,OBJECTSALL/1337.jpg,OBJECTSALL/0946.jpg
memory6AFC,1,5,exemplarB/09.jpg,exemplarA/9.jpg,NaN,exemplarB/09.jpg,OBJECTSALL/1761.jpg,OBJECTSALL/0082.jpg,OBJECTSALL/0009.jpg,OBJECTSALL/0391.jpg,OBJECTSALL/1046.jpg
memory6AFC,1,2,exemplarB/077.jpg,exemplarA/77.jpg,NaN,exemplarB/077.jpg,OBJECTSALL/0083.jpg,OBJECTSALL/1327.jpg,OBJECTSALL/1380.jpg,OBJECTSALL/1606.jpg,OBJECTSALL/1540.jpg
memory6AFC,1,4,exemplarB/0193.jpg,exemplarA/193.jpg,NaN,exemplarB/0193.jpg,OBJECTSALL/1083.jpg,OBJECTSALL/0451.jpg,OBJECTSALL/0668.jpg,OBJECTSALL/1329.jpg,OBJECTSALL/1960.jpg
memory6AFC,0,4,exemplarA/322.jpg,exemplarB/0322.jpg,NaN,OBJECTSALL/1263.jpg,OBJECTSALL/1636.jpg,OBJECTSALL/1139.jpg,OBJECTSALL/1617.jpg,OBJECTSALL/1263.jpg,OBJECTSALL/1016.jpg
memory,1,left,exemplarB/0123.jpg,exemplarA/123.jpg,NaN,exemplarB/0123.jpg,0,0,0,0,0
memory,1,right,exemplarB/0238.jpg,exemplarA/238.jpg,NaN,exemplarB/0238.jpg,0,0,0,0,0
memory,1,left,exemplarA/258.jpg,exemplarB/0258.jpg,NaN,exemplarA/258.jpg,0,0,0,0,0
memory,1,left,exemplarB/012.jpg,exemplarA/12.jpg,NaN,exemplarB/012.jpg,0,0,0,0,0
memory,1,right,exemplarA/304.jpg,exemplarB/0304.jpg,NaN,exemplarA/304.jpg,0,0,0,0,0
memory,1,left,exemplarB/0259.jpg,exemplarA/259.jpg,NaN,exemplarB/0259.jpg,0,0,0,0,0
memory,0,right,exemplarB/050.jpg,exemplarA/50.jpg,NaN,exemplarA/50.jpg,0,0,0,0,0
memory,1,left,exemplarB/0140.jpg,exemplarA/140.jpg,NaN,exemplarB/0140.jpg,0,0,0,0,0
memory,1,left,exemplarA/194.jpg,exemplarB/0194.jpg,NaN,exemplarA/194.jpg,0,0,0,0,0
memory,1,left,exemplarB/0171.jpg,exemplarA/171.jpg,NaN,exemplarB/0171.jpg,0,0,0,0,0
memory,1,left,exemplarB/0250.jpg,exemplarA/250.jpg,NaN,exemplarB/0250.jpg,0,0,0,0,0
memory,1,left,exemplarA/203.jpg,exemplarB/0203.jpg,NaN,exemplarA/203.jpg,0,0,0,0,0
memory,0,right,exemplarA/383.jpg,exemplarB/0383.jpg,NaN,exemplarB/0383.jpg,0,0,0,0,0
memory,1,right,exemplarA/63.jpg,exemplarB/063.jpg,NaN,exemplarA/63.jpg,0,0,0,0,0
memory,1,left,exemplarA/149.jpg,exemplarB/0149.jpg,NaN,exemplarA/149.jpg,0,0,0,0,0
memory,1,right,exemplarA/185.jpg,exemplarB/0185.jpg,NaN,exemplarA/185.jpg,0,0,0,0,0
memory,1,right,exemplarB/0387.jpg,exemplarA/387.jpg,NaN,exemplarB/0387.jpg,0,0,0,0,0
memory,1,left,exemplarB/026.jpg,exemplarA/26.jpg,NaN,exemplarB/026.jpg,0,0,0,0,0
memory,1,right,exemplarA/251.jpg,exemplarB/0251.jpg,NaN,exemplarA/251.jpg,0,0,0,0,0
memory,0,right,exemplarA/78.jpg,exemplarB/078.jpg,NaN,exemplarB/078.jpg,0,0,0,0,0
memory,1,right,exemplarA/51.jpg,exemplarB/051.jpg,NaN,exemplarA/51.jpg,0,0,0,0,0
memory,1,right,exemplarB/0240.jpg,exemplarA/240.jpg,NaN,exemplarB/0240.jpg,0,0,0,0,0
memory,0,left,exemplarB/060.jpg,exemplarA/60.jpg,NaN,exemplarA/60.jpg,0,0,0,0,0
memory,1,right,exemplarB/0337.jpg,exemplarA/337.jpg,NaN,exemplarB/0337.jpg,0,0,0,0,0
memory,1,right,exemplarB/019.jpg,exemplarA/19.jpg,NaN,exemplarB/019.jpg,0,0,0,0,0
memory,0,left,exemplarA/369.jpg,exemplarB/0369.jpg,NaN,exemplarB/0369.jpg,0,0,0,0,0
memory,0,left,exemplarA/82.jpg,exemplarB/082.jpg,NaN,exemplarB/082.jpg,0,0,0,0,0
memory,1,left,exemplarA/125.jpg,exemplarB/0125.jpg,NaN,exemplarA/125.jpg,0,0,0,0,0
memory,0,right,exemplarB/0298.jpg,exemplarA/298.jpg,NaN,exemplarA/298.jpg,0,0,0,0,0
memory,1,right,exemplarA/338.jpg,exemplarB/0338.jpg,NaN,exemplarA/338.jpg,0,0,0,0,0
memory,1,left,exemplarA/128.jpg,exemplarB/0128.jpg,NaN,exemplarA/128.jpg,0,0,0,0,0
memory,1,left,exemplarB/0192.jpg,exemplarA/192.jpg,NaN,exemplarB/0192.jpg,0,0,0,0,0
memory,0,left,exemplarB/0142.jpg,exemplarA/142.jpg,NaN,exemplarA/142.jpg,0,0,0,0,0
memory,1,right,exemplarB/0265.jpg,exemplarA/265.jpg,NaN,exemplarB/0265.jpg,0,0,0,0,0
memory,1,right,exemplarB/0202.jpg,exemplarA/202.jpg,NaN,exemplarB/0202.jpg,0,0,0,0,0
memory,1,left,exemplarB/0102.jpg,exemplarA/102.jpg,NaN,exemplarB/0102.jpg,0,0,0,0,0
memory,1,right,exemplarA/10.jpg,exemplarB/010.jpg,NaN,exemplarA/10.jpg,0,0,0,0,0
memory,1,left,exemplarB/0346.jpg,exemplarA/346.jpg,NaN,exemplarB/0346.jpg,0,0,0,0,0
memory,0,left,exemplarA/329.jpg,exemplarB/0329.jpg,NaN,exemplarB/0329.jpg,0,0,0,0,0
memory,1,right,exemplarB/0209.jpg,exemplarA/209.jpg,NaN,exemplarB/0209.jpg,0,0,0,0,0
memory,1,right,exemplarB/0180.jpg,exemplarA/180.jpg,NaN,exemplarB/0180.jpg,0,0,0,0,0
memory,1,right,exemplarA/246.jpg,exemplarB/0246.jpg,NaN,exemplarA/246.jpg,0,0,0,0,0
memory,1,right,exemplarB/0360.jpg,exemplarA/360.jpg,NaN,exemplarB/0360.jpg,0,0,0,0,0
memory,1,right,exemplarA/113.jpg,exemplarB/0113.jpg,NaN,exemplarA/113.jpg,0,0,0,0,0
memory,1,right,exemplarA/85.jpg,exemplarB/085.jpg,NaN,exemplarA/85.jpg,0,0,0,0,0
memory,0,right,exemplarA/132.jpg,exemplarB/0132.jpg,NaN,exemplarB/0132.jpg,0,0,0,0,0
memory,0,left,exemplarA/175.jpg,exemplarB/0175.jpg,NaN,exemplarB/0175.jpg,0,0,0,0,0
memory,1,right,exemplarB/0281.jpg,exemplarA/281.jpg,NaN,exemplarB/0281.jpg,0,0,0,0,0
memory,0,right,exemplarA/80.jpg,exemplarB/080.jpg,NaN,exemplarB/080.jpg,0,0,0,0,0
memory,1,left,exemplarA/277.jpg,exemplarB/0277.jpg,NaN,exemplarA/277.jpg,0,0,0,0,0
memory,1,right,exemplarA/87.jpg,exemplarB/087.jpg,NaN,exemplarA/87.jpg,0,0,0,0,0
memory,0,left,exemplarB/038.jpg,exemplarA/38.jpg,NaN,exemplarA/38.jpg,0,0,0,0,0
memory,0,left,exemplarB/0119.jpg,exemplarA/119.jpg,NaN,exemplarA/119.jpg,0,0,0,0,0
memory,1,right,exemplarB/079.jpg,exemplarA/79.jpg,NaN,exemplarB/079.jpg,0,0,0,0,0
memory,1,left,exemplarB/0182.jpg,exemplarA/182.jpg,NaN,exemplarB/0182.jpg,0,0,0,0,0
memory,0,left,exemplarA/190.jpg,exemplarB/0190.jpg,NaN,exemplarB/0190.jpg,0,0,0,0,0
memory,0,left,exemplarB/0331.jpg,exemplarA/331.jpg,NaN,exemplarA/331.jpg,0,0,0,0,0
memory,1,right,exemplarB/058.jpg,exemplarA/58.jpg,NaN,exemplarB/058.jpg,0,0,0,0,0
memory,0,right,exemplarA/349.jpg,exemplarB/0349.jpg,NaN,exemplarB/0349.jpg,0,0,0,0,0
memory,0,left,exemplarA/42.jpg,exemplarB/042.jpg,NaN,exemplarB/042.jpg,0,0,0,0,0
memory,1,right,exemplarA/340.jpg,exemplarB/0340.jpg,NaN,exemplarA/340.jpg,0,0,0,0,0
memory,0,left,exemplarA/352.jpg,exemplarB/0352.jpg,NaN,exemplarB/0352.jpg,0,0,0,0,0
memory,1,right,exemplarB/0155.jpg,exemplarA/155.jpg,NaN,exemplarB/0155.jpg,0,0,0,0,0
memory,1,left,exemplarB/084.jpg,exemplarA/84.jpg,NaN,exemplarB/084.jpg,0,0,0,0,0
memory,1,left,exemplarA/101.jpg,exemplarB/0101.jpg,NaN,exemplarA/101.jpg,0,0,0,0,0
memory,1,left,exemplarB/0164.jpg,exemplarA/164.jpg,NaN,exemplarB/0164.jpg,0,0,0,0,0
memory,1,left,exemplarA/76.jpg,exemplarB/076.jpg,NaN,exemplarA/76.jpg,0,0,0,0,0
memory,1,right,exemplarA/312.jpg,exemplarB/0312.jpg,NaN,exemplarA/312.jpg,0,0,0,0,0
memory,1,right,exemplarA/356.jpg,exemplarB/0356.jpg,NaN,exemplarA/356.jpg,0,0,0,0,0
memory,1,right,exemplarB/0261.jpg,exemplarA/261.jpg,NaN,exemplarB/0261.jpg,0,0,0,0,0
memory,1,left,exemplarA/62.jpg,exemplarB/062.jpg,NaN,exemplarA/62.jpg,0,0,0,0,0
memory,1,right,exemplarA/106.jpg,exemplarB/0106.jpg,NaN,exemplarA/106.jpg,0,0,0,0,0
memory,0,left,exemplarA/64.jpg,exemplarB/064.jpg,NaN,exemplarB/064.jpg,0,0,0,0,0
memory,1,right,exemplarB/0284.jpg,exemplarA/284.jpg,NaN,exemplarB/0284.jpg,0,0,0,0,0
memory,1,right,exemplarB/069.jpg,exemplarA/69.jpg,NaN,exemplarB/069.jpg,0,0,0,0,0
memory,1,right,exemplarB/0335.jpg,exemplarA/335.jpg,NaN,exemplarB/0335.jpg,0,0,0,0,0
memory,0,left,exemplarA/324.jpg,exemplarB/0324.jpg,NaN,exemplarB/0324.jpg,0,0,0,0,0
memory,0,left,exemplarA/212.jpg,exemplarB/0212.jpg,NaN,exemplarB/0212.jpg,0,0,0,0,0
memory,1,right,exemplarA/268.jpg,exemplarB/0268.jpg,NaN,exemplarA/268.jpg,0,0,0,0,0
memory,1,right,exemplarA/345.jpg,exemplarB/0345.jpg,NaN,exemplarA/345.jpg,0,0,0,0,0
