trial_type,correct,raw_response,test_image,bait_image,response_image,filler1,filler2,filler3,filler4,filler5
studied,1,3,exemplarB/0135.jpg,exemplarA/135.jpg,exemplarB/0135.jpg,OBJECTSALL/0847.jpg,OBJECTSALL/1040.jpg,OBJECTSALL/1927.jpg,OBJECTSALL/0212.jpg,OBJECTSALL/0811.jpg
studied,1,6,exemplarA/212.jpg,exemplarB/0212.jpg,exemplarA/212.jpg,OBJECTSALL/1781.jpg,OBJECTSALL/1763.jpg,OBJECTSALL/1179.jpg,OBJECTSALL/1775.jpg,OBJECTSALL/0452.jpg
studied,1,1,exemplarB/0288.jpg,exemplarA/288.jpg,exemplarB/0288.jpg,OBJECTSALL/1648.jpg,OBJECTSALL/1159.jpg,OBJECTSALL/1627.jpg,OBJECTSALL/1650.jpg,OBJECTSALL/0288.jpg
studied,1,2,exemplarB/023.jpg,exemplarA/23.jpg,exemplarB/023.jpg,OBJECTSALL/0881.jpg,OBJECTSALL/1053.jpg,OBJECTSALL/0806.jpg,OBJECTSALL/0823.jpg,OBJECTSALL/1677.jpg
studied,1,3,exemplarB/0152.jpg,exemplarA/152.jpg,exemplarB/0152.jpg,OBJECTSALL/0043.jpg,OBJECTSALL/1567.jpg,OBJECTSALL/1689.jpg,OBJECTSALL/1251.jpg,OBJECTSALL/0209.jpg
studied,1,1,exemplarA/66.jpg,exemplarB/066.jpg,exemplarA/66.jpg,OBJECTSALL/0213.jpg,OBJECTSALL/1299.jpg,OBJECTSALL/0644.jpg,OBJECTSALL/0692.jpg,OBJECTSALL/0766.jpg
studied,0,3,exemplarB/09.jpg,exemplarA/9.jpg,OBJECTSALL/0755.jpg,OBJECTSALL/1456.jpg,OBJECTSALL/1168.jpg,OBJECTSALL/0755.jpg,OBJECTSALL/0348.jpg,OBJECTSALL/1895.jpg
studied,1,2,exemplarA/258.jpg,exemplarB/0258.jpg,exemplarA/258.jpg,OBJECTSALL/1631.jpg,OBJECTSALL/0107.jpg,OBJECTSALL/1245.jpg,OBJECTSALL/1841.jpg,OBJECTSALL/0523.jpg
studied,0,3,exemplarB/0385.jpg,exemplarA/385.jpg,OBJECTSALL/1744.jpg,OBJECTSALL/1519.jpg,OBJECTSALL/1403.jpg,OBJECTSALL/1744.jpg,OBJECTSALL/0443.jpg,OBJECTSALL/1859.jpg
studied,1,1,exemplarA/211.jpg,exemplarB/0211.jpg,exemplarA/211.jpg,OBJECTSALL/1230.jpg,OBJECTSALL/1069.jpg,OBJECTSALL/0445.jpg,OBJECTSALL/0437.jpg,OBJECTSALL/0544.jpg
studied,1,1,exemplarA/30.jpg,exemplarB/030.jpg,exemplarA/30.jpg,OBJECTSALL/1734.jpg,OBJECTSALL/0192.jpg,OBJECTSALL/0481.jpg,OBJECTSALL/0050.jpg,OBJECTSALL/0346.jpg
studied,1,6,exemplarB/0295.jpg,exemplarA/295.jpg,exemplarB/0295.jpg,OBJECTSALL/1511.jpg,OBJECTSALL/0227.jpg,OBJECTSALL/0799.jpg,OBJECTSALL/0088.jpg,OBJECTSALL/1710.jpg
studied,1,4,exemplarB/0267.jpg,exemplarA/267.jpg,exemplarB/0267.jpg,OBJECTSALL/1324.jpg,OBJECTSALL/1835.jpg,OBJECTSALL/0117.jpg,OBJECTSALL/0195.jpg,OBJECTSALL/0689.jpg
studied,1,5,exemplarB/0198.jpg,exemplarA/198.jpg,exemplarB/0198.jpg,OBJECTSALL/1928.jpg,OBJECTSALL/0580.jpg,OBJECTSALL/0360.jpg,OBJECTSALL/1400.jpg,OBJECTSALL/1640.jpg
studied,1,5,exemplarA/373.jpg,exemplarB/0373.jpg,exemplarA/373.jpg,OBJECTSALL/1302.jpg,OBJECTSALL/1621.jpg,OBJECTSALL/1144.jpg,OBJECTSALL/1817.jpg,OBJECTSALL/1499.jpg
studied,0,4,exemplarB/037.jpg,exemplarA/37.jpg,OBJECTSALL/1550.jpg,OBJECTSALL/1647.jpg,OBJECTSALL/0930.jpg,OBJECTSALL/1772.jpg,OBJECTSALL/1550.jpg,OBJECTSALL/1170.jpg
studied,0,2,exemplarB/0353.jpg,exemplarA/353.jpg,OBJECTSALL/1440.jpg,OBJECTSALL/1846.jpg,OBJECTSALL/1440.jpg,OBJECTSALL/0095.jpg,OBJECTSALL/0230.jpg,OBJECTSALL/0374.jpg
studied,0,1,exemplarA/62.jpg,exemplarB/062.jpg,OBJECTSALL/1015.jpg,OBJECTSALL/1015.jpg,OBJECTSALL/1242.jpg,OBJECTSALL/0373.jpg,OBJECTSALL/0369.jpg,OBJECTSALL/0335.jpg
studied,1,2,exemplarB/0105.jpg,exemplarA/105.jpg,exemplarB/0105.jpg,OBJECTSALL/1829.jpg,OBJECTSALL/0630.jpg,OBJECTSALL/1331.jpg,OBJECTSALL/1774.jpg,OBJECTSALL/0587.jpg
studied,1,4,exemplarA/281.jpg,exemplarB/0281.jpg,exemplarA/281.jpg,OBJECTSALL/1739.jpg,OBJECTSALL/1043.jpg,OBJECTSALL/1210.jpg,OBJECTSALL/1081.jpg,OBJECTSALL/0872.jpg
studied,1,5,exemplarB/0317.jpg,exemplarA/317.jpg,exemplarB/0317.jpg,OBJECTSALL/0326.jpg,OBJECTSALL/0359.jpg,OBJECTSALL/0855.jpg,OBJECTSALL/0166.jpg,OBJECTSALL/0612.jpg
studied,1,3,exemplarB/098.jpg,exemplarA/98.jpg,exemplarB/098.jpg,OBJECTSALL/0471.jpg,OBJECTSALL/0138.jpg,OBJECTSALL/1888.jpg,OBJECTSALL/0136.jpg,OBJECTSALL/1471.jpg
studied,1,3,exemplarA/180.jpg,exemplarB/0180.jpg,exemplarA/180.jpg,OBJECTSALL/1247.jpg,OBJECTSALL/0653.jpg,OBJECTSALL/0440.jpg,OBJECTSALL/1349.jpg,OBJECTSALL/1572.jpg
studied,1,6,exemplarB/0160.jpg,exemplarA/160.jpg,exemplarB/0160.jpg,OBJECTSALL/0438.jpg,OBJECTSALL/1912.jpg,OBJECTSALL/0394.jpg,OBJECTSALL/0688.jpg,OBJECTSALL/0712.jpg
studied,1,5,exemplarB/0381.jpg,exemplarA/381.jpg,exemplarB/0381.jpg,OBJECTSALL/0809.jpg,OBJECTSALL/1111.jpg,OBJECTSALL/0075.jpg,OBJECTSALL/1908.jpg,OBJECTSALL/0577.jpg
studied,1,3,exemplarB/0304.jpg,exemplarA/304.jpg,exemplarB/0304.jpg,OBJECTSALL/1017.jpg,OBJECTSALL/0707.jpg,OBJECTSALL/0882.jpg,OBJECTSALL/0818.jpg,OBJECTSALL/0504.jpg
studied,1,2,exemplarA/124.jpg,exemplarB/0124.jpg,exemplarA/124.jpg,OBJECTSALL/0905.jpg,OBJECTSALL/1441.jpg,OBJECTSALL/0595.jpg,OBJECTSALL/1112.jpg,OBJECTSALL/0501.jpg
studied,1,6,exemplarB/0298.jpg,exemplarA/298.jpg,exemplarB/0298.jpg,OBJECTSALL/1413.jpg,OBJECTSALL/1461.jpg,OBJECTSALL/0379.jpg,OBJECTSALL/1213.jpg,OBJECTSALL/0822.jpg
studied,1,4,exemplarB/0254.jpg,exemplarA/254.jpg,exemplarB/0254.jpg,OBJECTSALL/0137.jpg,OBJECTSALL/0148.jpg,OBJECTSALL/0913.jpg,OBJECTSALL/1335.jpg,OBJECTSALL/0489.jpg
studied,1,3,exemplarA/366.jpg,exemplarB/0366.jpg,exemplarA/366.jpg,OBJECTSALL/1269.jpg,OBJECTSALL/0568.jpg,OBJECTSALL/1291.jpg,OBJECTSALL/1617.jpg,OBJECTSALL/0142.jpg
studied,1,4,exemplarA/234.jpg,exemplarB/0234.jpg,exemplarA/234.jpg,OBJECTSALL/0113.jpg,OBJECTSALL/1070.jpg,OBJECTSALL/1339.jpg,OBJECTSALL/1819.jpg,OBJECTSALL/1078.jpg
studied,1,1,exemplarA/238.jpg,exemplarB/0238.jpg,exemplarA/238.jpg,OBJECTSALL/0899.jpg,OBJECTSALL/0407.jpg,OBJECTSALL/1375.jpg,OBJECTSALL/0562.jpg,OBJECTSALL/0072.jpg
studied,1,1,exemplarB/041.jpg,exemplarA/41.jpg,exemplarB/041.jpg,OBJECTSALL/0615.jpg,OBJECTSALL/0609.jpg,OBJECTSALL/1115.jpg,OBJECTSALL/1036.jpg,OBJECTSALL/0762.jpg
studied,1,1,exemplarA/324.jpg,exemplarB/0324.jpg,exemplarA/324.jpg,OBJECTSALL/0272.jpg,OBJECTSALL/0026.jpg,OBJECTSALL/1277.jpg,OBJECTSALL/0173.jpg,OBJECTSALL/0210.jpg
studied,1,4,exemplarB/0293.jpg,exemplarA/293.jpg,exemplarB/0293.jpg,OBJECTSALL/1066.jpg,OBJECTSALL/1218.jpg,OBJECTSALL/0181.jpg,OBJECTSALL/0277.jpg,OBJECTSALL/0201.jpg
studied,0,3,exemplarA/81.jpg,exemplarB/081.jpg,OBJECTSALL/0089.jpg,OBJECTSALL/0019.jpg,OBJECTSALL/0263.jpg,OBJECTSALL/0089.jpg,OBJECTSALL/1765.jpg,OBJECTSALL/1672.jpg
studied,1,3,exemplarA/138.jpg,exemplarB/0138.jpg,exemplarA/138.jpg,OBJECTSALL/0824.jpg,OBJECTSALL/0312.jpg,OBJECTSALL/0795.jpg,OBJECTSALL/1844.jpg,OBJECTSALL/1342.jpg
studied,0,3,exemplarA/384.jpg,exemplarB/0384.jpg,OBJECTSALL/1585.jpg,OBJECTSALL/0238.jpg,OBJECTSALL/1651.jpg,OBJECTSALL/1585.jpg,OBJECTSALL/1831.jpg,OBJECTSALL/1464.jpg
studied,0,2,exemplarA/91.jpg,exemplarB/091.jpg,OBJECTSALL/1419.jpg,OBJECTSALL/0470.jpg,OBJECTSALL/1419.jpg,OBJECTSALL/0561.jpg,OBJECTSALL/1558.jpg,OBJECTSALL/1340.jpg
studied,1,6,exemplarA/269.jpg,exemplarB/0269.jpg,exemplarA/269.jpg,OBJECTSALL/0276.jpg,OBJECTSALL/1869.jpg,OBJECTSALL/1405.jpg,OBJECTSALL/1012.jpg,OBJECTSALL/0441.jpg
studied,1,4,exemplarA/126.jpg,exemplarB/0126.jpg,exemplarA/126.jpg,OBJECTSALL/0808.jpg,OBJECTSALL/1489.jpg,OBJECTSALL/1853.jpg,OBJECTSALL/1925.jpg,OBJECTSALL/0016.jpg
studied,1,2,exemplarA/393.jpg,exemplarB/0393.jpg,exemplarA/393.jpg,OBJECTSALL/0759.jpg,OBJECTSALL/1246.jpg,OBJECTSALL/1748.jpg,OBJECTSALL/0067.jpg,OBJECTSALL/0994.jpg
studied,1,5,exemplarA/355.jpg,exemplarB/0355.jpg,exemplarA/355.jpg,OBJECTSALL/1035.jpg,OBJECTSALL/0101.jpg,OBJECTSALL/1523.jpg,OBJECTSALL/1814.jpg,OBJECTSALL/1838.jpg
studied,0,2,exemplarB/0176.jpg,exemplarA/176.jpg,OBJECTSALL/0476.jpg,OBJECTSALL/1723.jpg,OBJECTSALL/0476.jpg,OBJECTSALL/1385.jpg,OBJECTSALL/0910.jpg,OBJECTSALL/1347.jpg
studied,1,3,exemplarB/095.jpg,exemplarA/95.jpg,exemplarB/095.jpg,OBJECTSALL/1322.jpg,OBJECTSALL/1223.jpg,OBJECTSALL/0621.jpg,OBJECTSALL/0511.jpg,OBJECTSALL/0637.jpg
studied,1,3,exemplarB/0173.jpg,exemplarA/173.jpg,exemplarB/0173.jpg,OBJECTSALL/0347.jpg,OBJECTSALL/1753.jpg,OBJECTSALL/0353.jpg,OBJECTSALL/0704.jpg,OBJECTSALL/0648.jpg
studied,1,5,exemplarA/165.jpg,exemplarB/0165.jpg,exemplarA/165.jpg,OBJECTSALL/0614.jpg,OBJECTSALL/1510.jpg,OBJECTSALL/1591.jpg,OBJECTSALL/0867.jpg,OBJECTSALL/0916.jpg
studied,1,1,exemplarA/67.jpg,exemplarB/067.jpg,exemplarA/67.jpg,OBJECTSALL/0502.jpg,OBJECTSALL/0147.jpg,OBJECTSALL/0701.jpg,OBJECTSALL/1719.jpg,OBJECTSALL/0767.jpg
studied,1,3,exemplarB/012.jpg,exemplarA/12.jpg,exemplarB/012.jpg,OBJECTSALL/1867.jpg,OBJECTSALL/0768.jpg,OBJECTSALL/0340.jpg,OBJECTSALL/1929.jpg,OBJECTSALL/1554.jpg
studied,1,4,exemplarA/396.jpg,exemplarB/0396.jpg,exemplarA/396.jpg,OBJECTSALL/1546.jpg,OBJECTSALL/0960.jpg,OBJECTSALL/0706.jpg,OBJECTSALL/0939.jpg,OBJECTSALL/1804.jpg
studied,0,3,exemplarB/060.jpg,exemplarA/60.jpg,OBJECTSALL/0527.jpg,OBJECTSALL/0656.jpg,OBJECTSALL/1001.jpg,OBJECTSALL/0527.jpg,OBJECTSALL/0681.jpg,OBJECTSALL/0362.jpg
studied,1,2,exemplarA/183.jpg,exemplarB/0183.jpg,exemplarA/183.jpg,OBJECTSALL/1656.jpg,OBJECTSALL/1745.jpg,OBJECTSALL/1416.jpg,OBJECTSALL/0541.jpg,OBJECTSALL/1801.jpg
studied,1,2,exemplarA/228.jpg,exemplarB/0228.jpg,exemplarA/228.jpg,OBJECTSALL/0257.jpg,OBJECTSALL/1879.jpg,OBJECTSALL/1256.jpg,OBJECTSALL/0846.jpg,OBJECTSALL/1726.jpg
studied,1,5,exemplarB/0227.jpg,exemplarA/227.jpg,exemplarB/0227.jpg,OBJECTSALL/1910.jpg,OBJECTSALL/0112.jpg,OBJECTSALL/0723.jpg,OBJECTSALL/1642.jpg,OBJECTSALL/0274.jpg
studied,0,3,exemplarA/383.jpg,exemplarB/0383.jpg,OBJECTSALL/1294.jpg,OBJECTSALL/1735.jpg,OBJECTSALL/0429.jpg,OBJECTSALL/1294.jpg,OBJECTSALL/0469.jpg,OBJECTSALL/1160.jpg
studied,1,3,exemplarA/43.jpg,exemplarB/043.jpg,exemplarA/43.jpg,OBJECTSALL/0207.jpg,OBJECTSALL/0859.jpg,OBJECTSALL/1063.jpg,OBJECTSALL/0291.jpg,OBJECTSALL/1503.jpg
studied,1,2,exemplarA/147.jpg,exemplarB/0147.jpg,exemplarA/147.jpg,OBJECTSALL/1094.jpg,OBJECTSALL/1484.jpg,OBJECTSALL/0963.jpg,OBJECTSALL/1614.jpg,OBJECTSALL/1450.jpg
studied,0,3,exemplarB/0327.jpg,exemplarA/327.jpg,OBJECTSALL/1346.jpg,OBJECTSALL/1665.jpg,OBJECTSALL/0435.jpg,OBJECTSALL/1346.jpg,OBJECTSALL/0935.jpg,OBJECTSALL/0868.jpg
studied,0,3,exemplarA/106.jpg,exemplarB/0106.jpg,OBJECTSALL/0840.jpg,OBJECTSALL/0494.jpg,OBJECTSALL/1630.jpg,OBJECTSALL/0840.jpg,OBJECTSALL/1092.jpg,OBJECTSALL/0941.jpg
studied,1,4,exemplarB/099.jpg,exemplarA/99.jpg,exemplarB/099.jpg,OBJECTSALL/0625.jpg,OBJECTSALL/0570.jpg,OBJECTSALL/1749.jpg,OBJECTSALL/0731.jpg,OBJECTSALL/1134.jpg
studied,1,1,exemplarA/90.jpg,exemplarB/090.jpg,exemplarA/90.jpg,OBJECTSALL/0100.jpg,OBJECTSALL/1505.jpg,OBJECTSALL/0952.jpg,OBJECTSALL/0506.jpg,OBJECTSALL/1008.jpg
studied,1,1,exemplarB/0339.jpg,exemplarA/339.jpg,exemplarB/0339.jpg,OBJECTSALL/0364.jpg,OBJECTSALL/1758.jpg,OBJECTSALL/1711.jpg,OBJECTSALL/1954.jpg,OBJECTSALL/0306.jpg
studied,1,2,exemplarA/161.jpg,exemplarB/0161.jpg,exemplarA/161.jpg,OBJECTSALL/0492.jpg,OBJECTSALL/1649.jpg,OBJECTSALL/0059.jpg,OBJECTSALL/1882.jpg,OBJECTSALL/1214.jpg
studied,1,1,exemplarB/08.jpg,exemplarA/8.jpg,exemplarB/08.jpg,OBJECTSALL/1659.jpg,OBJECTSALL/1104.jpg,OBJECTSALL/1805.jpg,OBJECTSALL/1792.jpg,OBJECTSALL/1060.jpg
studied,1,6,exemplarB/028.jpg,exemplarA/28.jpg,exemplarB/028.jpg,OBJECTSALL/1791.jpg,OBJECTSALL/1240.jpg,OBJECTSALL/1447.jpg,OBJECTSALL/1182.jpg,OBJECTSALL/1885.jpg
studied,1,6,exemplarA/243.jpg,exemplarB/0243.jpg,exemplarA/243.jpg,OBJECTSALL/0352.jpg,OBJECTSALL/0071.jpg,OBJECTSALL/1128.jpg,OBJECTSALL/1287.jpg,OBJECTSALL/1915.jpg
studied,1,4,exemplarB/058.jpg,exemplarA/58.jpg,exemplarB/058.jpg,OBJECTSALL/1815.jpg,OBJECTSALL/1003.jpg,OBJECTSALL/1239.jpg,OBJECTSALL/1653.jpg,OBJECTSALL/1488.jpg
studied,1,5,exemplarA/329.jpg,exemplarB/0329.jpg,exemplarA/329.jpg,OBJECTSALL/0040.jpg,OBJECTSALL/1308.jpg,OBJECTSALL/1891.jpg,OBJECTSALL/1629.jpg,OBJECTSALL/1176.jpg
studied,1,2,exemplarA/372.jpg,exemplarB/0372.jpg,exemplarA/372.jpg,OBJECTSALL/1009.jpg,OBJECTSALL/1309.jpg,OBJECTSALL/1330.jpg,OBJECTSALL/1194.jpg,OBJECTSALL/0747.jpg
studied,1,6,exemplarB/0275.jpg,exemplarA/275.jpg,exemplarB/0275.jpg,OBJECTSALL/0849.jpg,OBJECTSALL/0001.jpg,OBJECTSALL/1358.jpg,OBJECTSALL/0167.jpg,OBJECTSALL/1146.jpg
studied,1,5,exemplarA/350.jpeg,exemplarB/0350.jpg,exemplarA/350.jpeg,OBJECTSALL/1722.jpg,OBJECTSALL/1221.jpg,OBJECTSALL/0827.jpg,OBJECTSALL/1473.jpg,OBJECTSALL/1430.jpg
studied,1,3,exemplarB/0246.jpg,exemplarA/246.jpg,exemplarB/0246.jpg,OBJECTSALL/0964.jpg,OBJECTSALL/0245.jpg,OBJECTSALL/0642.jpg,OBJECTSALL/0172.jpg,OBJECTSALL/1755.jpg
studied,0,5,exemplarB/0364.jpg,exemplarA/364.jpg,OBJECTSALL/0657.jpg,OBJECTSALL/1658.jpg,OBJECTSALL/1861.jpg,OBJECTSALL/1796.jpg,OBJECTSALL/0919.jpg,OBJECTSALL/0657.jpg
studied,1,3,exemplarB/0280.jpg,exemplarA/280.jpg,exemplarB/0280.jpg,OBJECTSALL/0512.jpg,OBJECTSALL/1636.jpg,OBJECTSALL/0532.jpg,OBJECTSALL/0313.jpg,OBJECTSALL/1391.jpg
studied,1,3,exemplarB/049.jpg,exemplarA/49.jpg,exemplarB/049.jpg,OBJECTSALL/1386.jpg,OBJECTSALL/0861.jpg,OBJECTSALL/0921.jpg,OBJECTSALL/1807.jpg,OBJECTSALL/1196.jpg
studied,0,1,exemplarB/089.jpg,exemplarA/89.jpg,OBJECTSALL/0553.jpg,OBJECTSALL/0553.jpg,OBJECTSALL/1369.jpg,OBJECTSALL/0322.jpg,OBJECTSALL/1491.jpg,OBJECTSALL/0906.jpg
studied,1,1,exemplarB/05.jpg,exemplarA/5.jpg,exemplarB/05.jpg,OBJECTSALL/0402.jpg,OBJECTSALL/0626.jpg,OBJECTSALL/1827.jpg,OBJECTSALL/0444.jpg,OBJECTSALL/0242.jpg
studied,0,3,exemplarB/017.jpg,exemplarA/17.jpg,OBJECTSALL/1290.jpg,OBJECTSALL/0870.jpg,OBJECTSALL/0596.jpg,OBJECTSALL/1290.jpg,OBJECTSALL/0991.jpg,OBJECTSALL/0774.jpg
studied,0,4,exemplarB/0132.jpg,exemplarA/132.jpg,OBJECTSALL/1397.jpg,OBJECTSALL/1695.jpg,OBJECTSALL/1352.jpg,OBJECTSALL/0247.jpg,OBJECTSALL/1397.jpg,OBJECTSALL/0898.jpg
studied,1,4,exemplarB/01.jpg,exemplarA/1.jpg,exemplarB/01.jpg,OBJECTSALL/0281.jpg,OBJECTSALL/1547.jpg,OBJECTSALL/0421.jpg,OBJECTSALL/1701.jpg,OBJECTSALL/0736.jpg
unstudied,1,1,exemplarA/395.jpg,exemplarB/0395.jpg,exemplarA/395.jpg,OBJECTSALL/1058.jpg,OBJECTSALL/1191.jpg,OBJECTSALL/1310.jpg,OBJECTSALL/1184.jpg,OBJECTSALL/0895.jpg
unstudied,0,2,exemplarA/163.jpg,exemplarB/0163.jpg,OBJECTSALL/1857.jpg,OBJECTSALL/1367.jpg,OBJECTSALL/1857.jpg,OBJECTSALL/1931.jpg,OBJECTSALL/1530.jpg,OBJECTSALL/1026.jpg
unstudied,0,5,exemplarB/010.jpg,exemplarA/10.jpg,OBJECTSALL/1836.jpg,OBJECTSALL/0496.jpg,OBJECTSALL/0896.jpg,OBJECTSALL/1892.jpg,OBJECTSALL/1496.jpg,OBJECTSALL/1836.jpg
unstudied,1,6,exemplarA/35.jpg,exemplarB/035.jpg,exemplarA/35.jpg,OBJECTSALL/0607.jpg,OBJECTSALL/0237.jpg,OBJECTSALL/0302.jpg,OBJECTSALL/0077.jpg,OBJECTSALL/0304.jpg
unstudied,0,5,exemplarB/0171.jpg,exemplarA/171.jpg,OBJECTSALL/1420.jpg,OBJECTSALL/1328.jpg,OBJECTSALL/0066.jpg,OBJECTSALL/1396.jpg,OBJECTSALL/1526.jpg,OBJECTSALL/1420.jpg
unstudied,0,3,exemplarB/0220.jpg,exemplarA/220.jpg,OBJECTSALL/0800.jpg,OBJECTSALL/1217.jpg,OBJECTSALL/0530.jpg,OBJECTSALL/0800.jpg,OBJECTSALL/0817.jpg,OBJECTSALL/0356.jpg
unstudied,0,4,exemplarA/184.jpg,exemplarB/0184.jpg,OBJECTSALL/0794.jpg,OBJECTSALL/1458.jpg,OBJECTSALL/1118.jpg,OBJECTSALL/1336.jpg,OBJECTSALL/0794.jpg,OBJECTSALL/0467.jpg
unstudied,1,3,exemplarB/0274.jpg,exemplarA/274.jpg,exemplarB/0274.jpg,OBJECTSALL/0085.jpg,OBJECTSALL/1039.jpg,OBJECTSALL/1951.jpg,OBJECTSALL/0378.jpg,OBJECTSALL/1266.jpg
unstudied,0,2,exemplarA/245.jpg,exemplarB/0245.jpg,OBJECTSALL/0194.jpg,OBJECTSALL/0388.jpg,OBJECTSALL/0194.jpg,OBJECTSALL/0129.jpg,OBJECTSALL/1821.jpg,OBJECTSALL/1507.jpg
unstudied,0,6,exemplarA/236.jpg,exemplarB/0236.jpg,OBJECTSALL/1425.jpg,OBJECTSALL/0159.jpg,OBJECTSALL/1685.jpg,OBJECTSALL/0177.jpg,OBJECTSALL/0728.jpg,OBJECTSALL/0415.jpg
unstudied,1,2,exemplarB/097.jpg,exemplarA/97.jpg,exemplarB/097.jpg,OBJECTSALL/1662.jpg,OBJECTSALL/0036.jpg,OBJECTSALL/1424.jpg,OBJECTSALL/1481.jpg,OBJECTSALL/0695.jpg
unstudied,1,3,exemplarB/040.jpg,exemplarA/40.jpg,exemplarB/040.jpg,OBJECTSALL/0342.jpg,OBJECTSALL/1667.jpg,OBJECTSALL/0926.jpg,OBJECTSALL/1289.jpg,OBJECTSALL/0624.jpg
unstudied,1,3,exemplarA/255.jpg,exemplarB/0255.jpg,exemplarA/255.jpg,OBJECTSALL/1480.jpg,OBJECTSALL/1826.jpg,OBJECTSALL/0381.jpg,OBJECTSALL/1635.jpg,OBJECTSALL/0558.jpg
unstudied,1,1,exemplarA/206.jpg,exemplarB/0206.jpg,exemplarA/206.jpg,OBJECTSALL/1963.jpg,OBJECTSALL/0244.jpg,OBJECTSALL/0006.jpg,OBJECTSALL/0954.jpg,OBJECTSALL/1706.jpg
unstudied,1,3,exemplarB/0266.jpg,exemplarA/266.jpg,exemplarB/0266.jpg,OBJECTSALL/1027.jpg,OBJECTSALL/0538.jpg,OBJECTSALL/1031.jpg,OBJECTSALL/0605.jpg,OBJECTSALL/0831.jpg
unstudied,0,6,exemplarA/200.jpg,exemplarB/0200.jpg,OBJECTSALL/1783.jpg,OBJECTSALL/0542.jpg,OBJECTSALL/0141.jpg,OBJECTSALL/1652.jpg,OBJECTSALL/1351.jpg,OBJECTSALL/0464.jpg
unstudied,1,4,exemplarB/0312.jpg,exemplarA/312.jpg,exemplarB/0312.jpg,OBJECTSALL/1860.jpg,OBJECTSALL/0325.jpg,OBJECTSALL/1486.jpg,OBJECTSALL/0513.jpg,OBJECTSALL/0046.jpg
unstudied,1,5,exemplarA/268.jpg,exemplarB/0268.jpg,exemplarA/268.jpg,OBJECTSALL/1470.jpg,OBJECTSALL/1570.jpg,OBJECTSALL/0265.jpg,OBJECTSALL/0649.jpg,OBJECTSALL/1296.jpg
unstudied,1,5,exemplarB/0114.jpg,exemplarA/114.jpg,exemplarB/0114.jpg,OBJECTSALL/0646.jpg,OBJECTSALL/1504.jpg,OBJECTSALL/0211.jpg,OBJECTSALL/0380.jpg,OBJECTSALL/0286.jpg
unstudied,1,4,exemplarB/0129.jpg,exemplarA/129.jpg,exemplarB/0129.jpg,OBJECTSALL/0955.jpg,OBJECTSALL/0039.jpg,OBJECTSALL/1084.jpg,OBJECTSALL/1633.jpg,OBJECTSALL/0013.jpg
unstudied,0,3,exemplarA/139.jpg,exemplarB/0139.jpg,OBJECTSALL/0308.jpg,OBJECTSALL/0057.jpg,OBJECTSALL/1211.jpg,OBJECTSALL/0308.jpg,OBJECTSALL/0499.jpg,OBJECTSALL/0574.jpg
unstudied,1,6,exemplarB/0172.jpg,exemplarA/172.jpg,exemplarB/0172.jpg,OBJECTSALL/1663.jpg,OBJECTSALL/1816.jpg,OBJECTSALL/1024.jpg,OBJECTSALL/1618.jpg,OBJECTSALL/0473.jpg
unstudied,1,3,exemplarB/0332.jpg,exemplarA/332.jpg,exemplarB/0332.jpg,OBJECTSALL/1890.jpg,OBJECTSALL/1676.jpg,OBJECTSALL/1370.jpg,OBJECTSALL/1281.jpg,OBJECTSALL/0174.jpg
unstudied,0,4,exemplarA/51.jpg,exemplarB/051.jpg,OBJECTSALL/1422.jpg,OBJECTSALL/0162.jpg,OBJECTSALL/0114.jpg,OBJECTSALL/0103.jpg,OBJECTSALL/1422.jpg,OBJECTSALL/1522.jpg
unstudied,1,4,exemplarB/0118.jpg,exemplarA/118.jpg,exemplarB/0118.jpg,OBJECTSALL/1594.jpg,OBJECTSALL/0254.jpg,OBJECTSALL/1088.jpg,OBJECTSALL/0631.jpg,OBJECTSALL/0934.jpg
unstudied,1,5,exemplarA/209.jpg,exemplarB/0209.jpg,exemplarA/209.jpg,OBJECTSALL/0004.jpg,OBJECTSALL/1936.jpg,OBJECTSALL/0547.jpg,OBJECTSALL/0278.jpg,OBJECTSALL/0825.jpg
unstudied,0,5,exemplarA/185.jpg,exemplarB/0185.jpg,OBJECTSALL/0982.jpg,OBJECTSALL/1187.jpg,OBJECTSALL/0052.jpg,OBJECTSALL/1457.jpg,OBJECTSALL/1669.jpg,OBJECTSALL/0982.jpg
unstudied,1,1,exemplarA/233.jpg,exemplarB/0233.jpg,exemplarA/233.jpg,OBJECTSALL/0676.jpg,OBJECTSALL/0131.jpg,OBJECTSALL/1773.jpg,OBJECTSALL/0355.jpg,OBJECTSALL/0005.jpg
unstudied,1,6,exemplarB/0290.jpg,exemplarA/290.jpg,exemplarB/0290.jpg,OBJECTSALL/0670.jpg,OBJECTSALL/0186.jpg,OBJECTSALL/1922.jpg,OBJECTSALL/0737.jpg,OBJECTSALL/0105.jpg
unstudied,1,5,exemplarA/199.jpg,exemplarB/0199.jpg,exemplarA/199.jpg,OBJECTSALL/0305.jpg,OBJECTSALL/0091.jpg,OBJECTSALL/1437.jpg,OBJECTSALL/0720.jpg,OBJECTSALL/1693.jpg
unstudied,0,5,exemplarA/232.jpg,exemplarB/0232.jpg,OBJECTSALL/1193.jpg,OBJECTSALL/0520.jpg,OBJECTSALL/0044.jpg,OBJECTSALL/0049.jpg,OBJECTSALL/1014.jpg,OBJECTSALL/1193.jpg
unstudied,0,5,exemplarB/0325.jpg,exemplarA/325.jpg,OBJECTSALL/0250.jpg,OBJECTSALL/0927.jpg,OBJECTSALL/0453.jpg,OBJECTSALL/1212.jpg,OBJECTSALL/0816.jpg,OBJECTSALL/0250.jpg
unstudied,0,2,exemplarA/363.jpg,exemplarB/0363.jpg,OBJECTSALL/0153.jpg,OBJECTSALL/1203.jpg,OBJECTSALL/0153.jpg,OBJECTSALL/1564.jpg,OBJECTSALL/1055.jpg,OBJECTSALL/0451.jpg
unstudied,1,2,exemplarB/0278.jpg,exemplarA/278.jpg,exemplarB/0278.jpg,OBJECTSALL/1911.jpg,OBJECTSALL/0797.jpg,OBJECTSALL/0749.jpg,OBJECTSALL/0343.jpg,OBJECTSALL/1670.jpg
unstudied,0,5,exemplarB/015.jpg,exemplarA/15.jpg,OBJECTSALL/0303.jpg,OBJECTSALL/0365.jpg,OBJECTSALL/1532.jpg,OBJECTSALL/0396.jpg,OBJECTSALL/1452.jpg,OBJECTSALL/0303.jpg
unstudied,0,3,exemplarA/57.jpg,exemplarB/057.jpg,OBJECTSALL/0161.jpg,OBJECTSALL/0758.jpg,OBJECTSALL/1356.jpg,OBJECTSALL/0161.jpg,OBJECTSALL/1559.jpg,OBJECTSALL/0062.jpg
unstudied,0,3,exemplarA/253.jpg,exemplarB/0253.jpg,OBJECTSALL/1889.jpg,OBJECTSALL/1854.jpg,OBJECTSALL/1720.jpg,OBJECTSALL/1889.jpg,OBJECTSALL/1407.jpg,OBJECTSALL/0938.jpg
unstudied,0,5,exemplarA/299.jpg,exemplarB/0299.jpg,OBJECTSALL/0056.jpg,OBJECTSALL/1329.jpg,OBJECTSALL/1724.jpg,OBJECTSALL/1392.jpg,OBJECTSALL/1046.jpg,OBJECTSALL/0056.jpg
unstudied,1,5,exemplarB/0277.jpg,exemplarA/277.jpg,exemplarB/0277.jpg,OBJECTSALL/0565.jpg,OBJECTSALL/0820.jpg,OBJECTSALL/0534.jpg,OBJECTSALL/0554.jpg,OBJECTSALL/0564.jpg
unstudied,0,3,exemplarA/18.jpg,exemplarB/018.jpg,OBJECTSALL/0079.jpg,OBJECTSALL/1399.jpg,OBJECTSALL/1320.jpg,OBJECTSALL/0079.jpg,OBJECTSALL/1825.jpg,OBJECTSALL/0316.jpg
unstudied,0,6,exemplarB/0201.jpg,exemplarA/201.jpg,OBJECTSALL/1566.jpg,OBJECTSALL/0582.jpg,OBJECTSALL/0099.jpg,OBJECTSALL/1096.jpg,OBJECTSALL/1325.jpg,OBJECTSALL/0810.jpg
unstudied,1,1,exemplarA/248.jpg,exemplarB/0248.jpg,exemplarA/248.jpg,OBJECTSALL/0804.jpg,OBJECTSALL/0051.jpg,OBJECTSALL/1255.jpg,OBJECTSALL/0516.jpg,OBJECTSALL/0753.jpg
unstudied,0,4,exemplarA/331.jpg,exemplarB/0331.jpg,OBJECTSALL/1944.jpg,OBJECTSALL/0914.jpg,OBJECTSALL/1598.jpg,OBJECTSALL/0675.jpg,OBJECTSALL/1944.jpg,OBJECTSALL/0328.jpg
unstudied,0,4,exemplarB/0195.jpg,exemplarA/195.jpg,OBJECTSALL/0354.jpg,OBJECTSALL/0708.jpg,OBJECTSALL/1742.jpg,OBJECTSALL/1955.jpg,OBJECTSALL/0354.jpg,OBJECTSALL/1848.jpg
unstudied,0,5,exemplarB/016.jpg,exemplarA/16.jpg,OBJECTSALL/0878.jpg,OBJECTSALL/1483.jpg,OBJECTSALL/1762.jpg,OBJECTSALL/1316.jpg,OBJECTSALL/1145.jpg,OBJECTSALL/0878.jpg
unstudied,0,2,exemplarB/0320.jpg,exemplarA/320.jpg,OBJECTSALL/1797.jpg,OBJECTSALL/0442.jpg,OBJECTSALL/1797.jpg,OBJECTSALL/0031.jpg,OBJECTSALL/0183.jpg,OBJECTSALL/1721.jpg
unstudied,1,2,exemplarA/376.jpg,exemplarB/0376.JPG,exemplarA/376.jpg,OBJECTSALL/0725.jpg,OBJECTSALL/0509.jpg,OBJECTSALL/1460.jpg,OBJECTSALL/0069.jpg,OBJECTSALL/1795.jpg
unstudied,1,1,exemplarA/79.jpg,exemplarB/079.jpg,exemplarA/79.jpg,OBJECTSALL/0987.jpg,OBJECTSALL/0783.jpg,OBJECTSALL/1539.jpg,OBJECTSALL/0826.jpg,OBJECTSALL/0517.jpg
unstudied,1,1,exemplarA/32.jpg,exemplarB/032.jpg,exemplarA/32.jpg,OBJECTSALL/1301.jpg,OBJECTSALL/0922.jpg,OBJECTSALL/1010.jpg,OBJECTSALL/1475.jpg,OBJECTSALL/0370.jpg
unstudied,0,3,exemplarA/144.jpg,exemplarB/0144.jpg,OBJECTSALL/0890.jpg,OBJECTSALL/1840.jpg,OBJECTSALL/0412.jpg,OBJECTSALL/0890.jpg,OBJECTSALL/1914.jpg,OBJECTSALL/0990.jpg
unstudied,0,4,exemplarA/68.jpg,exemplarB/068.jpg,OBJECTSALL/0931.jpg,OBJECTSALL/1062.jpg,OBJECTSALL/0462.jpg,OBJECTSALL/1596.jpg,OBJECTSALL/0931.jpg,OBJECTSALL/0164.jpg
unstudied,0,5,exemplarB/039.jpg,exemplarA/39.jpg,OBJECTSALL/0414.jpg,OBJECTSALL/0771.jpg,OBJECTSALL/0330.jpg,OBJECTSALL/0539.jpg,OBJECTSALL/0145.jpg,OBJECTSALL/0414.jpg
unstudied,0,2,exemplarB/0259.jpg,exemplarA/259.jpg,OBJECTSALL/0363.jpg,OBJECTSALL/0033.jpg,OBJECTSALL/0363.jpg,OBJECTSALL/0885.jpg,OBJECTSALL/0087.jpg,OBJECTSALL/1692.jpg
unstudied,0,3,exemplarA/342.jpg,exemplarB/0342.jpg,OBJECTSALL/0636.jpg,OBJECTSALL/0218.jpg,OBJECTSALL/1080.jpg,OBJECTSALL/0636.jpg,OBJECTSALL/1086.jpg,OBJECTSALL/1563.jpg
unstudied,1,6,exemplarA/31.jpg,exemplarB/031.jpg,exemplarA/31.jpg,OBJECTSALL/1602.jpg,OBJECTSALL/0944.jpg,OBJECTSALL/0485.jpg,OBJECTSALL/0331.jpg,OBJECTSALL/0468.jpg
unstudied,1,2,exemplarB/0345.jpg,exemplarA/345.jpg,exemplarB/0345.jpg,OBJECTSALL/1738.jpg,OBJECTSALL/0900.jpg,OBJECTSALL/1634.jpg,OBJECTSALL/1613.jpg,OBJECTSALL/1448.jpg
unstudied,0,4,exemplarB/0360.jpg,exemplarA/360.jpg,OBJECTSALL/1518.jpg,OBJECTSALL/1661.jpg,OBJECTSALL/0976.jpg,OBJECTSALL/0338.jpg,OBJECTSALL/1518.jpg,OBJECTSALL/0724.jpg
unstudied,0,4,exemplarA/94.jpg,exemplarB/094.jpg,OBJECTSALL/0200.jpg,OBJECTSALL/0384.jpg,OBJECTSALL/1135.jpg,OBJECTSALL/0497.jpg,OBJECTSALL/0200.jpg,OBJECTSALL/0662.jpg
unstudied,1,2,exemplarB/0273.jpg,exemplarA/273.jpg,exemplarB/0273.jpg,OBJECTSALL/1427.jpg,OBJECTSALL/1465.jpg,OBJECTSALL/1668.jpg,OBJECTSALL/0953.jpg,OBJECTSALL/0639.jpg
unstudied,0,2,exemplarA/219.jpg,exemplarB/0219.jpg,OBJECTSALL/1374.jpg,OBJECTSALL/1431.jpg,OBJECTSALL/1374.jpg,OBJECTSALL/1177.jpg,OBJECTSALL/0188.jpg,OBJECTSALL/0528.jpg
unstudied,0,2,exemplarA/115.jpg,exemplarB/0115.jpg,OBJECTSALL/1632.jpg,OBJECTSALL/0104.jpg,OBJECTSALL/1632.jpg,OBJECTSALL/0887.jpg,OBJECTSALL/1578.jpg,OBJECTSALL/0094.jpg
unstudied,1,5,exemplarB/0399.jpg,exemplarA/399.jpg,exemplarB/0399.jpg,OBJECTSALL/1236.jpg,OBJECTSALL/0158.jpg,OBJECTSALL/1843.jpg,OBJECTSALL/1871.jpg,OBJECTSALL/0243.jpg
unstudied,0,5,exemplarB/0181.jpg,exemplarA/181.jpg,OBJECTSALL/1434.jpg,OBJECTSALL/0828.jpg,OBJECTSALL/1545.jpg,OBJECTSALL/1688.jpg,OBJECTSALL/0119.jpg,OBJECTSALL/1434.jpg
unstudied,1,4,exemplarB/0197.jpg,exemplarA/197.jpg,exemplarB/0197.jpg,OBJECTSALL/0829.jpg,OBJECTSALL/1562.jpg,OBJECTSALL/0054.jpg,OBJECTSALL/1900.jpg,OBJECTSALL/1132.jpg
unstudied,1,1,exemplarA/194.jpg,exemplarB/0194.jpg,exemplarA/194.jpg,OBJECTSALL/0447.jpg,OBJECTSALL/1472.jpg,OBJECTSALL/1779.jpg,OBJECTSALL/1904.jpg,OBJECTSALL/1047.jpg
unstudied,0,2,exemplarA/2.jpg,exemplarB/02.jpg,OBJECTSALL/0909.jpg,OBJECTSALL/1717.jpg,OBJECTSALL/0909.jpg,OBJECTSALL/0260.jpg,OBJECTSALL/0293.jpg,OBJECTSALL/0911.jpg
unstudied,1,4,exemplarA/377.jpg,exemplarB/0377.jpg,exemplarA/377.jpg,OBJECTSALL/0632.jpg,OBJECTSALL/1628.jpg,OBJECTSALL/0298.jpg,OBJECTSALL/0405.jpg,OBJECTSALL/1657.jpg
unstudied,1,1,exemplarB/0306.jpg,exemplarA/306.jpg,exemplarB/0306.jpg,OBJECTSALL/0490.jpg,OBJECTSALL/1756.jpg,OBJECTSALL/0170.jpg,OBJECTSALL/1533.jpg,OBJECTSALL/1495.jpg
unstudied,1,5,exemplarB/011.jpg,exemplarA/11.jpg,exemplarB/011.jpg,OBJECTSALL/0973.jpg,OBJECTSALL/0671.jpg,OBJECTSALL/0995.jpg,OBJECTSALL/0096.jpg,OBJECTSALL/0802.jpg
unstudied,0,3,exemplarB/0344.jpg,exemplarA/344.jpg,OBJECTSALL/1186.jpg,OBJECTSALL/1093.jpg,OBJECTSALL/0833.jpg,OBJECTSALL/1186.jpg,OBJECTSALL/1769.jpg,OBJECTSALL/1411.jpg
unstudied,0,3,exemplarB/0208.jpg,exemplarA/208.jpg,OBJECTSALL/1321.jpg,OBJECTSALL/1732.jpg,OBJECTSALL/0666.jpg,OBJECTSALL/1321.jpg,OBJECTSALL/0588.jpg,OBJECTSALL/1754.jpg
unstudied,0,3,exemplarB/069.jpg,exemplarA/69.jpg,OBJECTSALL/1164.jpg,OBJECTSALL/0997.jpg,OBJECTSALL/1597.jpg,OBJECTSALL/1164.jpg,OBJECTSALL/0765.jpg,OBJECTSALL/0070.jpg
unstudied,0,5,exemplarB/0392.jpg,exemplarA/392.jpg,OBJECTSALL/1154.jpg,OBJECTSALL/0722.jpg,OBJECTSALL/0733.jpg,OBJECTSALL/1569.jpg,OBJECTSALL/0876.jpg,OBJECTSALL/1154.jpg
unstudied,1,2,exemplarB/075.jpg,exemplarA/75.jpg,exemplarB/075.jpg,OBJECTSALL/0097.jpg,OBJECTSALL/0691.jpg,OBJECTSALL/1148.jpg,OBJECTSALL/0576.jpg,OBJECTSALL/0349.jpg
unstudied,1,2,exemplarA/186.jpg,exemplarB/0186.jpg,exemplarA/186.jpg,OBJECTSALL/1638.jpg,OBJECTSALL/1379.jpg,OBJECTSALL/0423.jpg,OBJECTSALL/0231.jpg,OBJECTSALL/0074.jpg
unstudied,1,3,exemplarB/013.jpg,exemplarA/13.jpg,exemplarB/013.jpg,OBJECTSALL/1023.jpg,OBJECTSALL/0234.jpg,OBJECTSALL/1117.jpg,OBJECTSALL/1432.jpg,OBJECTSALL/0683.jpg
unstudied,0,4,exemplarB/0354.jpg,exemplarA/354.jpg,OBJECTSALL/1123.jpg,OBJECTSALL/0321.jpg,OBJECTSALL/0961.jpg,OBJECTSALL/0232.jpg,OBJECTSALL/1123.jpg,OBJECTSALL/0150.jpg
unstudied,1,2,exemplarA/34.jpg,exemplarB/034.jpg,exemplarA/34.jpg,OBJECTSALL/0966.jpg,OBJECTSALL/1587.jpg,OBJECTSALL/0531.jpg,OBJECTSALL/0401.jpg,OBJECTSALL/0332.jpg
unstudied,0,6,exemplarA/85.jpg,exemplarB/085.jpg,OBJECTSALL/1125.jpg,OBJECTSALL/0932.jpg,OBJECTSALL/0505.jpg,OBJECTSALL/0711.jpg,OBJECTSALL/0611.jpg,OBJECTSALL/1139.jpg
unstudied,0,5,exemplarB/0368.jpg,exemplarA/368.jpg,OBJECTSALL/0123.jpg,OBJECTSALL/0812.jpg,OBJECTSALL/0702.jpg,OBJECTSALL/0629.jpg,OBJECTSALL/1106.jpg,OBJECTSALL/0123.jpg
pseudo,1,3,exemplarA/270.jpg,exemplarB/0270.jpg,exemplarA/270.jpg,OBJECTSALL/0450.jpg,OBJECTSALL/0008.jpg,OBJECTSALL/0214.jpg,OBJECTSALL/1702.jpg,OBJECTSALL/0933.jpg
pseudo,0,1,exemplarA/315.jpg,exemplarB/0315.jpg,OBJECTSALL/1733.jpg,OBJECTSALL/1733.jpg,OBJECTSALL/1896.jpg,OBJECTSALL/1824.jpg,OBJECTSALL/0417.jpg,OBJECTSALL/1586.jpg
pseudo,1,6,exemplarB/0374.jpg,exemplarA/374.jpg,exemplarB/0374.jpg,OBJECTSALL/1924.jpg,OBJECTSALL/0780.jpg,OBJECTSALL/1436.jpg,OBJECTSALL/1760.jpg,OBJECTSALL/0552.jpg
pseudo,1,6,exemplarA/74.jpg,exemplarB/074.jpg,exemplarA/74.jpg,OBJECTSALL/1800.jpg,OBJECTSALL/0314.jpg,OBJECTSALL/1946.jpg,OBJECTSALL/0171.jpg,OBJECTSALL/0345.jpg
pseudo,0,6,exemplarB/0140.jpg,exemplarA/140.jpg,OBJECTSALL/0048.jpg,OBJECTSALL/1845.jpg,OBJECTSALL/1818.jpg,OBJECTSALL/1678.jpg,OBJECTSALL/0300.jpg,OBJECTSALL/1516.jpg
pseudo,1,4,exemplarB/0108.jpg,exemplarA/108.jpg,exemplarB/0108.jpg,OBJECTSALL/1887.jpg,OBJECTSALL/1415.jpg,OBJECTSALL/1272.jpg,OBJECTSALL/0836.jpg,OBJECTSALL/0710.jpg
pseudo,1,1,exemplarB/0111.jpg,exemplarA/111.jpg,exemplarB/0111.jpg,OBJECTSALL/1856.jpg,OBJECTSALL/0018.jpg,OBJECTSALL/1811.jpg,OBJECTSALL/1254.jpg,OBJECTSALL/0643.jpg
pseudo,1,2,exemplarB/0202.jpg,exemplarA/202.jpg,exemplarB/0202.jpg,OBJECTSALL/1116.jpg,OBJECTSALL/0988.jpg,OBJECTSALL/0017.jpg,OBJECTSALL/1703.jpg,OBJECTSALL/0566.jpg
pseudo,1,6,exemplarA/50.jpg,exemplarB/050.jpg,exemplarA/50.jpg,OBJECTSALL/0458.jpg,OBJECTSALL/0413.jpg,OBJECTSALL/0294.jpg,OBJECTSALL/1393.jpg,OBJECTSALL/1163.jpg
pseudo,0,2,exemplarA/262.jpg,exemplarB/0262.jpg,OBJECTSALL/1953.jpg,OBJECTSALL/1389.jpg,OBJECTSALL/1953.jpg,OBJECTSALL/1542.jpg,OBJECTSALL/1474.jpg,OBJECTSALL/0940.jpg
pseudo,1,4,exemplarA/45.jpg,exemplarB/045.jpg,exemplarA/45.jpg,OBJECTSALL/0261.jpg,OBJECTSALL/1282.jpg,OBJECTSALL/0253.jpg,OBJECTSALL/0617.jpg,OBJECTSALL/0545.jpg
pseudo,1,6,exemplarB/0390.jpg,exemplarA/390.jpg,exemplarB/0390.jpg,OBJECTSALL/0579.jpg,OBJECTSALL/0761.jpg,OBJECTSALL/1337.jpg,OBJECTSALL/1215.jpg,OBJECTSALL/1253.jpg
pseudo,1,3,exemplarB/072.jpg,exemplarA/72.jpg,exemplarB/072.jpg,OBJECTSALL/0854.jpg,OBJECTSALL/1593.jpg,OBJECTSALL/0660.jpg,OBJECTSALL/1837.jpg,OBJECTSALL/1131.jpg
pseudo,1,6,exemplarB/053.jpg,exemplarA/53.jpg,exemplarB/053.jpg,OBJECTSALL/1544.jpg,OBJECTSALL/0083.jpg,OBJECTSALL/1913.jpg,OBJECTSALL/1610.jpg,OBJECTSALL/0845.jpg
pseudo,0,6,exemplarB/0137.jpg,exemplarA/137.jpg,OBJECTSALL/1555.jpg,OBJECTSALL/0713.jpg,OBJECTSALL/0616.jpg,OBJECTSALL/0989.jpg,OBJECTSALL/1306.jpg,OBJECTSALL/1866.jpg
pseudo,0,6,exemplarA/292.jpg,exemplarB/0292.jpg,OBJECTSALL/1343.jpg,OBJECTSALL/1124.jpg,OBJECTSALL/0563.jpg,OBJECTSALL/0581.jpg,OBJECTSALL/0777.jpg,OBJECTSALL/1398.jpg
pseudo,1,3,exemplarB/0291.jpg,exemplarA/291.jpg,exemplarB/0291.jpg,OBJECTSALL/1000.jpg,OBJECTSALL/1451.jpg,OBJECTSALL/1423.jpg,OBJECTSALL/1410.jpg,OBJECTSALL/1137.jpg
pseudo,1,1,exemplarA/285.jpg,exemplarB/0285.jpg,exemplarA/285.jpg,OBJECTSALL/1671.jpg,OBJECTSALL/0572.jpg,OBJECTSALL/1401.jpg,OBJECTSALL/1167.jpg,OBJECTSALL/1264.jpg
pseudo,1,5,exemplarA/168.jpg,exemplarB/0168.jpg,exemplarA/168.jpg,OBJECTSALL/0282.jpg,OBJECTSALL/1376.jpg,OBJECTSALL/1127.jpg,OBJECTSALL/0319.jpg,OBJECTSALL/0508.jpg
pseudo,1,3,exemplarA/272.jpg,exemplarB/0272.jpg,exemplarA/272.jpg,OBJECTSALL/1945.jpg,OBJECTSALL/1583.jpg,OBJECTSALL/0463.jpg,OBJECTSALL/0127.jpg,OBJECTSALL/1209.jpg
pseudo,1,4,exemplarB/0371.jpg,exemplarA/371.jpg,exemplarB/0371.jpg,OBJECTSALL/1449.jpg,OBJECTSALL/1528.jpg,OBJECTSALL/1072.jpg,OBJECTSALL/0178.jpg,OBJECTSALL/0571.jpg
pseudo,1,5,exemplarB/0394.jpg,exemplarA/394.jpg,exemplarB/0394.jpg,OBJECTSALL/1498.jpg,OBJECTSALL/1109.jpg,OBJECTSALL/0696.jpg,OBJECTSALL/1588.jpg,OBJECTSALL/0063.jpg
pseudo,1,3,exemplarA/362.jpg,exemplarB/0362.jpg,exemplarA/362.jpg,OBJECTSALL/0529.jpg,OBJECTSALL/0738.jpg,OBJECTSALL/0226.jpg,OBJECTSALL/1334.jpg,OBJECTSALL/1786.jpg
pseudo,0,6,exemplarB/0204.jpg,exemplarA/204.jpg,OBJECTSALL/0084.jpg,OBJECTSALL/1820.jpg,OBJECTSALL/1958.jpg,OBJECTSALL/0633.jpg,OBJECTSALL/0842.jpg,OBJECTSALL/0559.jpg
pseudo,1,2,exemplarA/263.jpg,exemplarB/0263.jpg,exemplarA/263.jpg,OBJECTSALL/1165.jpg,OBJECTSALL/0965.jpg,OBJECTSALL/0403.jpg,OBJECTSALL/1263.jpg,OBJECTSALL/1201.jpg
pseudo,1,5,exemplarA/359.jpg,exemplarB/0359.jpg,exemplarA/359.jpg,OBJECTSALL/1822.jpg,OBJECTSALL/0732.jpg,OBJECTSALL/0634.jpg,OBJECTSALL/1766.jpg,OBJECTSALL/0726.jpg
pseudo,1,3,exemplarA/146.jpg,exemplarB/0146.jpg,exemplarA/146.jpg,OBJECTSALL/0398.jpg,OBJECTSALL/0021.jpg,OBJECTSALL/0449.jpg,OBJECTSALL/0548.jpg,OBJECTSALL/1208.jpg
pseudo,1,3,exemplarA/71.jpg,exemplarB/071.jpg,exemplarA/71.jpg,OBJECTSALL/0977.jpg,OBJECTSALL/0027.jpg,OBJECTSALL/1172.jpg,OBJECTSALL/0372.jpg,OBJECTSALL/0498.jpg
pseudo,1,6,exemplarA/252.jpg,exemplarB/0252.jpg,exemplarA/252.jpg,OBJECTSALL/1276.jpg,OBJECTSALL/1872.jpg,OBJECTSALL/1868.jpg,OBJECTSALL/0382.jpg,OBJECTSALL/0801.jpg
pseudo,1,6,exemplarB/020.jpg,exemplarA/20.jpg,exemplarB/020.jpg,OBJECTSALL/1548.jpg,OBJECTSALL/0891.jpg,OBJECTSALL/0121.jpg,OBJECTSALL/0598.jpg,OBJECTSALL/0482.jpg
pseudo,0,1,exemplarB/056.jpg,exemplarA/56.jpg,OBJECTSALL/0064.jpg,OBJECTSALL/0064.jpg,OBJECTSALL/0090.jpg,OBJECTSALL/0430.jpg,OBJECTSALL/0655.jpg,OBJECTSALL/1033.jpg
pseudo,1,2,exemplarB/0352.jpg,exemplarA/352.jpg,exemplarB/0352.jpg,OBJECTSALL/0686.jpg,OBJECTSALL/0551.jpg,OBJECTSALL/0880.jpg,OBJECTSALL/0740.jpg,OBJECTSALL/0790.jpg
pseudo,1,3,exemplarB/0309.jpg,exemplarA/309.jpg,exemplarB/0309.jpg,OBJECTSALL/0165.jpg,OBJECTSALL/1219.jpg,OBJECTSALL/0978.jpg,OBJECTSALL/0983.jpg,OBJECTSALL/0591.jpg
pseudo,0,6,exemplarA/224.jpg,exemplarB/0224.jpg,OBJECTSALL/1101.jpg,OBJECTSALL/0958.jpg,OBJECTSALL/1482.jpg,OBJECTSALL/0744.jpg,OBJECTSALL/1155.jpg,OBJECTSALL/1102.jpg
pseudo,0,1,exemplarB/0226.jpg,exemplarA/226.jpg,OBJECTSALL/1761.jpg,OBJECTSALL/1761.jpg,OBJECTSALL/0486.jpg,OBJECTSALL/0149.jpg,OBJECTSALL/0600.jpg,OBJECTSALL/1903.jpg
pseudo,1,3,exemplarA/78.jpg,exemplarB/078.jpg,exemplarA/78.jpg,OBJECTSALL/1147.jpg,OBJECTSALL/0327.jpg,OBJECTSALL/1956.jpg,OBJECTSALL/1303.jpg,OBJECTSALL/1114.jpg
pseudo,0,6,exemplarB/025.jpg,exemplarA/25.jpg,OBJECTSALL/0604.jpg,OBJECTSALL/1095.jpg,OBJECTSALL/0311.jpg,OBJECTSALL/1718.jpg,OBJECTSALL/0385.jpg,OBJECTSALL/1492.jpg
pseudo,1,5,exemplarB/0370.jpg,exemplarA/370.jpg,exemplarB/0370.jpg,OBJECTSALL/1085.jpg,OBJECTSALL/1317.jpg,OBJECTSALL/0557.jpg,OBJECTSALL/1759.jpg,OBJECTSALL/0334.jpg
pseudo,1,5,exemplarB/063.jpg,exemplarA/63.jpg,exemplarB/063.jpg,OBJECTSALL/1248.jpg,OBJECTSALL/1028.jpg,OBJECTSALL/0037.jpg,OBJECTSALL/1625.jpg,OBJECTSALL/1206.jpg
pseudo,0,5,exemplarB/022.jpg,exemplarA/22.jpg,OBJECTSALL/0216.jpg,OBJECTSALL/1061.jpg,OBJECTSALL/1780.jpg,OBJECTSALL/1768.jpg,OBJECTSALL/1737.jpg,OBJECTSALL/0216.jpg
pseudo,1,1,exemplarA/120.jpg,exemplarB/0120.jpg,exemplarA/120.jpg,OBJECTSALL/1906.jpg,OBJECTSALL/0943.jpg,OBJECTSALL/0751.jpg,OBJECTSALL/1271.jpg,OBJECTSALL/1568.jpg
pseudo,1,1,exemplarA/217.jpg,exemplarB/0217.jpg,exemplarA/217.jpg,OBJECTSALL/0155.jpg,OBJECTSALL/0028.jpg,OBJECTSALL/0937.jpg,OBJECTSALL/1901.jpg,OBJECTSALL/0220.jpg
pseudo,1,1,exemplarB/047.jpg,exemplarA/47.jpg,exemplarB/047.jpg,OBJECTSALL/1130.jpg,OBJECTSALL/1074.jpg,OBJECTSALL/1468.jpg,OBJECTSALL/1608.jpg,OBJECTSALL/0575.jpg
pseudo,1,5,exemplarA/117.jpg,exemplarB/0117.jpg,exemplarA/117.jpg,OBJECTSALL/0259.jpg,OBJECTSALL/1313.jpg,OBJECTSALL/0661.jpg,OBJECTSALL/0179.jpg,OBJECTSALL/1560.jpg
pseudo,1,2,exemplarA/398.jpg,exemplarB/0398.jpg,exemplarA/398.jpg,OBJECTSALL/1200.jpg,OBJECTSALL/0796.jpg,OBJECTSALL/0897.jpg,OBJECTSALL/1788.jpg,OBJECTSALL/1326.jpg
pseudo,0,1,exemplarB/0104.jpg,exemplarA/104.jpg,OBJECTSALL/0586.jpg,OBJECTSALL/0586.jpg,OBJECTSALL/0176.jpg,OBJECTSALL/1433.jpg,OBJECTSALL/1350.jpg,OBJECTSALL/1384.jpg
pseudo,0,2,exemplarA/33.jpg,exemplarB/033.jpg,OBJECTSALL/0803.jpg,OBJECTSALL/1044.jpg,OBJECTSALL/0803.jpg,OBJECTSALL/1185.jpg,OBJECTSALL/0189.jpg,OBJECTSALL/0315.jpg
pseudo,1,1,exemplarA/338.jpg,exemplarB/0338.jpg,exemplarA/338.jpg,OBJECTSALL/1577.jpg,OBJECTSALL/1190.jpg,OBJECTSALL/0086.jpg,OBJECTSALL/0956.jpg,OBJECTSALL/1571.jpg
pseudo,1,4,exemplarA/348.jpg,exemplarB/0348.jpg,exemplarA/348.jpg,OBJECTSALL/0448.jpg,OBJECTSALL/0292.jpg,OBJECTSALL/1280.jpg,OBJECTSALL/1487.jpg,OBJECTSALL/0834.jpg
pseudo,0,3,exemplarA/190.jpg,exemplarB/0190.jpg,OBJECTSALL/1798.jpg,OBJECTSALL/0668.jpg,OBJECTSALL/1561.jpg,OBJECTSALL/1798.jpg,OBJECTSALL/0628.jpg,OBJECTSALL/1354.jpg
pseudo,1,3,exemplarA/192.jpg,exemplarB/0192.jpg,exemplarA/192.jpg,OBJECTSALL/0484.jpg,OBJECTSALL/1517.jpg,OBJECTSALL/0888.jpg,OBJECTSALL/1140.jpg,OBJECTSALL/0135.jpg
pseudo,1,5,exemplarA/52.jpg,exemplarB/052.jpg,exemplarA/52.jpg,OBJECTSALL/1454.jpg,OBJECTSALL/0323.jpg,OBJECTSALL/0756.jpg,OBJECTSALL/0601.jpg,OBJECTSALL/0239.jpg
pseudo,1,1,exemplarB/0256.jpg,exemplarA/256.jpg,exemplarB/0256.jpg,OBJECTSALL/1243.jpg,OBJECTSALL/1107.jpg,OBJECTSALL/0684.jpg,OBJECTSALL/0202.jpg,OBJECTSALL/1494.jpg
pseudo,1,5,exemplarB/029.jpg,exemplarA/29.jpg,exemplarB/029.jpg,OBJECTSALL/0175.jpg,OBJECTSALL/1606.jpg,OBJECTSALL/0698.jpg,OBJECTSALL/0536.jpg,OBJECTSALL/0309.jpg
pseudo,1,1,exemplarA/187.jpg,exemplarB/0187.jpg,exemplarA/187.jpg,OBJECTSALL/0769.jpg,OBJECTSALL/0427.jpg,OBJECTSALL/1279.jpg,OBJECTSALL/0620.jpg,OBJECTSALL/0483.jpg
pseudo,0,1,exemplarA/214.jpg,exemplarB/0214.jpg,OBJECTSALL/1019.jpg,OBJECTSALL/1019.jpg,OBJECTSALL/1543.jpg,OBJECTSALL/0023.jpg,OBJECTSALL/1957.jpg,OBJECTSALL/1808.jpg
pseudo,1,3,exemplarB/0294.jpg,exemplarA/294.jpg,exemplarB/0294.jpg,OBJECTSALL/1747.jpg,OBJECTSALL/0061.jpg,OBJECTSALL/0012.jpg,OBJECTSALL/1371.jpg,OBJECTSALL/1926.jpg
pseudo,0,3,exemplarB/0326.jpg,exemplarA/326.jpg,OBJECTSALL/1162.jpg,OBJECTSALL/1262.jpg,OBJECTSALL/0102.jpg,OBJECTSALL/1162.jpg,OBJECTSALL/0735.jpg,OBJECTSALL/1764.jpg
pseudo,1,3,exemplarB/021.jpg,exemplarA/21.jpg,exemplarB/021.jpg,OBJECTSALL/1099.jpg,OBJECTSALL/0667.jpg,OBJECTSALL/0219.jpg,OBJECTSALL/0284.jpg,OBJECTSALL/1204.jpg
pseudo,1,2,exemplarA/335.jpg,exemplarB/0335.jpg,exemplarA/335.jpg,OBJECTSALL/1715.jpg,OBJECTSALL/0267.jpg,OBJECTSALL/1875.jpg,OBJECTSALL/0727.jpg,OBJECTSALL/1624.jpg
pseudo,1,5,exemplarA/191.jpg,exemplarB/0191.jpg,exemplarA/191.jpg,OBJECTSALL/0781.jpg,OBJECTSALL/1292.jpg,OBJECTSALL/0014.jpg,OBJECTSALL/1930.jpg,OBJECTSALL/1728.jpg
pseudo,1,5,exemplarA/247.jpg,exemplarB/0247.jpg,exemplarA/247.jpg,OBJECTSALL/0460.jpg,OBJECTSALL/0584.jpg,OBJECTSALL/0680.jpg,OBJECTSALL/1018.jpg,OBJECTSALL/0772.jpg
pseudo,1,1,exemplarA/330.jpg,exemplarB/0330.jpg,exemplarA/330.jpg,OBJECTSALL/0038.jpg,OBJECTSALL/0950.jpg,OBJECTSALL/1942.jpg,OBJECTSALL/1500.jpg,OBJECTSALL/1938.jpg
pseudo,1,6,exemplarB/065.jpg,exemplarA/65.jpg,exemplarB/065.jpg,OBJECTSALL/0974.jpg,OBJECTSALL/1345.jpg,OBJECTSALL/1426.jpg,OBJECTSALL/1327.jpg,OBJECTSALL/0035.jpg
pseudo,1,4,exemplarB/0340.jpg,exemplarA/340.jpg,exemplarB/0340.jpg,OBJECTSALL/1497.jpg,OBJECTSALL/1524.jpg,OBJECTSALL/0658.jpg,OBJECTSALL/1274.jpg,OBJECTSALL/0228.jpg
pseudo,1,5,exemplarA/113.jpg,exemplarB/0113.jpg,exemplarA/113.jpg,OBJECTSALL/1690.jpg,OBJECTSALL/1315.jpg,OBJECTSALL/1673.jpg,OBJECTSALL/1809.jpg,OBJECTSALL/1714.jpg
pseudo,1,1,exemplarB/0149.jpg,exemplarA/149.jpg,exemplarB/0149.jpg,OBJECTSALL/1948.jpg,OBJECTSALL/1637.jpg,OBJECTSALL/0850.jpg,OBJECTSALL/0424.jpg,OBJECTSALL/1508.jpg
pseudo,0,6,exemplarB/0313.jpg,exemplarA/313.jpg,OBJECTSALL/0543.jpg,OBJECTSALL/0524.jpg,OBJECTSALL/1122.jpg,OBJECTSALL/0068.jpg,OBJECTSALL/1941.jpg,OBJECTSALL/0146.jpg
pseudo,1,2,exemplarA/38.jpg,exemplarB/038.jpg,exemplarA/38.jpg,OBJECTSALL/0383.jpg,OBJECTSALL/1485.jpg,OBJECTSALL/0748.jpg,OBJECTSALL/0271.jpg,OBJECTSALL/1525.jpg
pseudo,1,4,exemplarA/319.jpg,exemplarB/0319.jpg,exemplarA/319.jpg,OBJECTSALL/0157.jpg,OBJECTSALL/1252.jpg,OBJECTSALL/1439.jpg,OBJECTSALL/0487.jpg,OBJECTSALL/1757.jpg
pseudo,1,2,exemplarA/323.jpg,exemplarB/0323.jpg,exemplarA/323.jpg,OBJECTSALL/1173.jpg,OBJECTSALL/1785.jpg,OBJECTSALL/1812.jpg,OBJECTSALL/1364.jpg,OBJECTSALL/1121.jpg
pseudo,1,4,exemplarA/349.jpg,exemplarB/0349.jpg,exemplarA/349.jpg,OBJECTSALL/1045.jpg,OBJECTSALL/1007.jpg,OBJECTSALL/0273.jpg,OBJECTSALL/0233.jpg,OBJECTSALL/0120.jpg
pseudo,1,4,exemplarB/0237.jpg,exemplarA/237.jpg,exemplarB/0237.jpg,OBJECTSALL/1686.jpg,OBJECTSALL/1183.jpg,OBJECTSALL/1229.jpg,OBJECTSALL/0652.jpg,OBJECTSALL/0371.jpg
pseudo,1,2,exemplarA/303.jpg,exemplarB/0303.jpg,exemplarA/303.jpg,OBJECTSALL/1181.jpg,OBJECTSALL/0703.jpg,OBJECTSALL/0073.jpg,OBJECTSALL/1226.jpg,OBJECTSALL/1149.jpg
pseudo,1,3,exemplarB/0175.jpg,exemplarA/175.jpg,exemplarB/0175.jpg,OBJECTSALL/1712.jpg,OBJECTSALL/1273.jpg,OBJECTSALL/0290.jpg,OBJECTSALL/0224.jpg,OBJECTSALL/1054.jpg
pseudo,1,4,exemplarA/136.jpg,exemplarB/0136.jpg,exemplarA/136.jpg,OBJECTSALL/0903.jpg,OBJECTSALL/1025.jpg,OBJECTSALL/1858.jpg,OBJECTSALL/0426.jpg,OBJECTSALL/1037.jpg
pseudo,1,1,exemplarA/343.jpg,exemplarB/0343.jpg,exemplarA/343.jpg,OBJECTSALL/1133.jpg,OBJECTSALL/1382.jpg,OBJECTSALL/1390.jpg,OBJECTSALL/0030.jpg,OBJECTSALL/0969.jpg
pseudo,1,4,exemplarA/54.jpg,exemplarB/054.jpg,exemplarA/54.jpg,OBJECTSALL/1142.jpg,OBJECTSALL/0256.jpg,OBJECTSALL/1175.jpg,OBJECTSALL/1771.jpg,OBJECTSALL/0020.jpg
pseudo,0,3,exemplarB/0169.jpg,exemplarA/169.jpg,OBJECTSALL/0907.jpg,OBJECTSALL/1076.jpg,OBJECTSALL/0651.jpg,OBJECTSALL/0907.jpg,OBJECTSALL/1453.jpg,OBJECTSALL/0514.jpg
pseudo,0,5,exemplarB/0210.jpg,exemplarA/210.jpg,OBJECTSALL/1529.jpg,OBJECTSALL/0788.jpg,OBJECTSALL/1962.jpg,OBJECTSALL/0098.jpg,OBJECTSALL/0029.jpg,OBJECTSALL/1529.jpg
memory,1,left,exemplarB/0397.jpg,exemplarA/397.jpg,exemplarB/0397.jpg,0,0,0,0,0
memory,1,right,exemplarB/0260.jpg,exemplarA/260.jpg,exemplarB/0260.jpg,0,0,0,0,0
memory,1,left,exemplarB/0346.jpg,exemplarA/346.jpg,exemplarB/0346.jpg,0,0,0,0,0
memory,1,left,exemplarA/279.jpg,exemplarB/0279.jpg,exemplarA/279.jpg,0,0,0,0,0
memory,0,left,exemplarA/164.jpg,exemplarB/0164.jpg,exemplarB/0164.jpg,0,0,0,0,0
memory,1,left,exemplarA/166.jpg,exemplarB/0166.jpg,exemplarA/166.jpg,0,0,0,0,0
memory,1,left,exemplarB/096.jpg,exemplarA/96.jpg,exemplarB/096.jpg,0,0,0,0,0
memory,1,right,exemplarA/70.jpg,exemplarB/070.jpg,exemplarA/70.jpg,0,0,0,0,0
memory,1,right,exemplarA/44.jpg,exemplarB/044.jpg,exemplarA/44.jpg,0,0,0,0,0
memory,1,right,exemplarA/213.jpg,exemplarB/0213.jpg,exemplarA/213.jpg,0,0,0,0,0
memory,1,left,exemplarA/167.jpg,exemplarB/0167.jpg,exemplarA/167.jpg,0,0,0,0,0
memory,0,right,exemplarB/077.jpg,exemplarA/77.jpg,exemplarA/77.jpg,0,0,0,0,0
memory,1,left,exemplarB/0151.jpg,exemplarA/151.jpg,exemplarB/0151.jpg,0,0,0,0,0
memory,1,left,exemplarA/261.jpg,exemplarB/0261.jpg,exemplarA/261.jpg,0,0,0,0,0
memory,0,right,exemplarA/130.jpg,exemplarB/0130.jpg,exemplarB/0130.jpg,0,0,0,0,0
memory,1,right,exemplarA/333.jpg,exemplarB/0333.jpg,exemplarA/333.jpg,0,0,0,0,0
memory,1,right,exemplarA/223.jpg,exemplarB/0223.jpg,exemplarA/223.jpg,0,0,0,0,0
memory,1,left,exemplarB/0133.jpg,exemplarA/133.jpg,exemplarB/0133.jpg,0,0,0,0,0
memory,1,right,exemplarB/0157.jpg,exemplarA/157.jpg,exemplarB/0157.jpg,0,0,0,0,0
memory,0,left,exemplarB/0142.jpg,exemplarA/142.jpg,exemplarA/142.jpg,0,0,0,0,0
memory,1,right,exemplarA/150.jpg,exemplarB/0150.JPG,exemplarA/150.jpg,0,0,0,0,0
memory,0,left,exemplarA/386.jpg,exemplarB/0386.jpg,exemplarB/0386.jpg,0,0,0,0,0
memory,1,left,exemplarA/365.jpg,exemplarB/0365.jpg,exemplarA/365.jpg,0,0,0,0,0
memory,1,left,exemplarA/216.jpg,exemplarB/0216.jpg,exemplarA/216.jpg,0,0,0,0,0
memory,1,left,exemplarA/282.jpg,exemplarB/0282.jpg,exemplarA/282.jpg,0,0,0,0,0
memory,1,left,exemplarB/0244.jpg,exemplarA/244.jpg,exemplarB/0244.jpg,0,0,0,0,0
memory,1,right,exemplarA/361.jpg,exemplarB/0361.jpg,exemplarA/361.jpg,0,0,0,0,0
memory,1,right,exemplarA/205.jpg,exemplarB/0205.jpg,exemplarA/205.jpg,0,0,0,0,0
memory,1,right,exemplarB/092.jpg,exemplarA/92.jpg,exemplarB/092.jpg,0,0,0,0,0
memory,1,right,exemplarA/297.jpg,exemplarB/0297.jpg,exemplarA/297.jpg,0,0,0,0,0
memory,1,left,exemplarA/80.jpg,exemplarB/080.jpg,exemplarA/80.jpg,0,0,0,0,0
memory,1,right,exemplarB/093.jpg,exemplarA/93.jpg,exemplarB/093.jpg,0,0,0,0,0
memory,1,right,exemplarA/230.jpg,exemplarB/0230.jpg,exemplarA/230.jpg,0,0,0,0,0
memory,1,right,exemplarB/088.jpg,exemplarA/88.jpg,exemplarB/088.jpg,0,0,0,0,0
memory,1,left,exemplarB/083.jpg,exemplarA/83.jpg,exemplarB/083.jpg,0,0,0,0,0
memory,1,right,exemplarB/0134.jpg,exemplarA/134.jpg,exemplarB/0134.jpg,0,0,0,0,0
memory,1,right,exemplarB/073.jpg,exemplarA/73.jpg,exemplarB/073.jpg,0,0,0,0,0
memory,1,left,exemplarB/0119.jpg,exemplarA/119.jpg,exemplarB/0119.jpg,0,0,0,0,0
memory,1,right,exemplarB/0380.jpg,exemplarA/380.jpg,exemplarB/0380.jpg,0,0,0,0,0
memory,1,right,exemplarA/59.jpg,exemplarB/059.jpg,exemplarA/59.jpg,0,0,0,0,0
memory,1,right,exemplarB/0250.jpg,exemplarA/250.jpg,exemplarB/0250.jpg,0,0,0,0,0
memory,1,left,exemplarB/0218.jpg,exemplarA/218.jpg,exemplarB/0218.jpg,0,0,0,0,0
memory,1,right,exemplarA/378.jpg,exemplarB/0378.jpg,exemplarA/378.jpg,0,0,0,0,0
memory,1,right,exemplarA/155.jpg,exemplarB/0155.jpg,exemplarA/155.jpg,0,0,0,0,0
memory,1,left,exemplarB/046.jpg,exemplarA/46.jpg,exemplarB/046.jpg,0,0,0,0,0
memory,1,left,exemplarB/076.jpg,exemplarA/76.jpg,exemplarB/076.jpg,0,0,0,0,0
memory,1,left,exemplarA/86.jpg,exemplarB/086.jpg,exemplarA/86.jpg,0,0,0,0,0
memory,1,right,exemplarB/048.jpg,exemplarA/48.jpg,exemplarB/048.jpg,0,0,0,0,0
memory,1,right,exemplarB/0143.jpg,exemplarA/143.jpg,exemplarB/0143.jpg,0,0,0,0,0
memory,1,left,exemplarB/0251.jpg,exemplarA/251.jpg,exemplarB/0251.jpg,0,0,0,0,0
memory,1,right,exemplarB/0122.jpg,exemplarA/122.jpg,exemplarB/0122.jpg,0,0,0,0,0
memory,1,left,exemplarB/0159.jpg,exemplarA/159.jpg,exemplarB/0159.jpg,0,0,0,0,0
memory,1,left,exemplarB/0375.jpg,exemplarA/375.jpg,exemplarB/0375.jpg,0,0,0,0,0
memory,1,left,exemplarA/379.jpg,exemplarB/0379.jpg,exemplarA/379.jpg,0,0,0,0,0
memory,1,left,exemplarB/0337.jpg,exemplarA/337.jpg,exemplarB/0337.jpg,0,0,0,0,0
memory,1,right,exemplarA/156.jpg,exemplarB/0156.jpg,exemplarA/156.jpg,0,0,0,0,0
memory,1,left,exemplarB/0145.jpg,exemplarA/145.jpg,exemplarB/0145.jpg,0,0,0,0,0
memory,0,right,exemplarA/265.jpg,exemplarB/0265.jpg,exemplarB/0265.jpg,0,0,0,0,0
memory,1,right,exemplarB/0193.jpg,exemplarA/193.jpg,exemplarB/0193.jpg,0,0,0,0,0
memory,0,left,exemplarB/0314.jpg,exemplarA/314.jpg,exemplarA/314.jpg,0,0,0,0,0
memory,1,left,exemplarA/27.jpg,exemplarB/027.jpg,exemplarA/27.jpg,0,0,0,0,0
memory,0,right,exemplarB/0162.jpg,exemplarA/162.jpg,exemplarA/162.jpg,0,0,0,0,0
memory,1,right,exemplarB/019.jpg,exemplarA/19.jpg,exemplarB/019.jpg,0,0,0,0,0
memory,1,left,exemplarA/305.jpg,exemplarB/0305.jpg,exemplarA/305.jpg,0,0,0,0,0
memory,1,right,exemplarB/0112.jpg,exemplarA/112.jpg,exemplarB/0112.jpg,0,0,0,0,0
memory,1,right,exemplarA/239.jpg,exemplarB/0239.jpg,exemplarA/239.jpg,0,0,0,0,0
memory,1,left,exemplarB/0310.jpg,exemplarA/310.jpg,exemplarB/0310.jpg,0,0,0,0,0
memory,1,left,exemplarA/283.jpg,exemplarB/0283.jpg,exemplarA/283.jpg,0,0,0,0,0
memory,1,left,exemplarA/125.jpg,exemplarB/0125.jpg,exemplarA/125.jpg,0,0,0,0,0
memory,1,left,exemplarA/296.jpg,exemplarB/0296.jpg,exemplarA/296.jpg,0,0,0,0,0
memory,1,right,exemplarB/0307.jpg,exemplarA/307.jpg,exemplarB/0307.jpg,0,0,0,0,0
memory,1,left,exemplarA/178.jpg,exemplarB/0178.jpg,exemplarA/178.jpg,0,0,0,0,0
memory,1,left,exemplarB/0102.jpg,exemplarA/102.jpg,exemplarB/0102.jpg,0,0,0,0,0
memory,1,left,exemplarB/0249.jpg,exemplarA/249.jpg,exemplarB/0249.jpg,0,0,0,0,0
memory,1,left,exemplarA/358.jpg,exemplarB/0358.jpg,exemplarA/358.jpg,0,0,0,0,0
memory,1,right,exemplarA/189.jpg,exemplarB/0189.jpg,exemplarA/189.jpg,0,0,0,0,0
memory,1,left,exemplarB/0389.jpg,exemplarA/389.jpg,exemplarB/0389.jpg,0,0,0,0,0
memory,0,right,exemplarB/026.jpg,exemplarA/26.jpg,exemplarA/26.jpg,0,0,0,0,0
memory,0,left,exemplarB/0170.jpg,exemplarA/170.jpg,exemplarA/170.jpg,0,0,0,0,0
memory,1,left,exemplarB/0154.jpg,exemplarA/154.jpg,exemplarB/0154.jpg,0,0,0,0,0
