trial_type,correct,raw_response,test_image,bait_image,timestamp,response_image,filler1,filler2,filler3,filler4,filler5
unstudied,1,2,exemplarB/0104.jpg,exemplarA/104.jpg,2057.807324886322,exemplarB/0104.jpg,OBJECTSALL/1654.jpg,OBJECTSALL/0587.jpg,OBJECTSALL/0128.jpg,OBJECTSALL/1412.jpg,OBJECTSALL/1783.jpg
unstudied,1,3,exemplarA/75.jpg,exemplarB/075.jpg,2066.620125770569,exemplarA/75.jpg,OBJECTSALL/0865.jpg,OBJECTSALL/0660.jpg,OBJECTSALL/1161.jpg,OBJECTSALL/1176.jpg,OBJECTSALL/0408.jpg
unstudied,1,6,exemplarA/174.jpg,exemplarB/0174.jpg,2075.7534799575806,exemplarA/174.jpg,OBJECTSALL/1336.jpg,OBJECTSALL/1609.jpg,OBJECTSALL/1887.jpg,OBJECTSALL/1490.jpg,OBJECTSALL/1567.jpg
unstudied,0,3,exemplarA/364.jpg,exemplarB/0364.jpg,2088.2322340011597,OBJECTSALL/1691.jpg,OBJECTSALL/0576.jpg,OBJECTSALL/0095.jpg,OBJECTSALL/1691.jpg,OBJECTSALL/1280.jpg,OBJECTSALL/0374.jpg
unstudied,0,2,exemplarB/0197.jpg,exemplarA/197.jpg,2105.908392906189,OBJECTSALL/1053.jpg,OBJECTSALL/1069.jpg,OBJECTSALL/1053.jpg,OBJECTSALL/0342.jpg,OBJECTSALL/1372.jpg,OBJECTSALL/1260.jpg
unstudied,0,3,exemplarA/250.jpg,exemplarB/0250.jpg,2118.086477994919,OBJECTSALL/0153.jpg,OBJECTSALL/1736.jpg,OBJECTSALL/1955.jpg,OBJECTSALL/0153.jpg,OBJECTSALL/0247.jpg,OBJECTSALL/1427.jpg
unstudied,1,6,exemplarA/39.jpg,exemplarB/039.jpg,2130.294336795807,exemplarA/39.jpg,OBJECTSALL/0598.jpg,OBJECTSALL/1430.jpg,OBJECTSALL/1145.jpg,OBJECTSALL/0937.jpg,OBJECTSALL/0763.jpg
unstudied,0,2,exemplarA/80.jpg,exemplarB/080.jpg,2139.7578508853912,OBJECTSALL/0476.jpg,OBJECTSALL/1525.jpg,OBJECTSALL/0476.jpg,OBJECTSALL/0036.jpg,OBJECTSALL/0143.jpg,OBJECTSALL/1461.jpg
unstudied,0,3,exemplarA/393.jpg,exemplarB/0393.jpg,2150.493763923645,OBJECTSALL/1086.jpg,OBJECTSALL/1648.jpg,OBJECTSALL/0057.jpg,OBJECTSALL/1086.jpg,OBJECTSALL/0925.jpg,OBJECTSALL/1585.jpg
unstudied,1,2,exemplarB/0316.jpg,exemplarA/316.jpg,2159.016224861145,exemplarB/0316.jpg,OBJECTSALL/0319.jpg,OBJECTSALL/1040.jpg,OBJECTSALL/0644.jpg,OBJECTSALL/0972.jpg,OBJECTSALL/1374.jpg
unstudied,0,2,exemplarA/279.jpg,exemplarB/0279.jpg,2170.8638138771057,OBJECTSALL/1831.jpg,OBJECTSALL/1780.jpg,OBJECTSALL/1831.jpg,OBJECTSALL/0696.jpg,OBJECTSALL/0165.jpg,OBJECTSALL/1526.jpg
unstudied,0,5,exemplarA/165.jpg,exemplarB/0165.jpg,2184.674434900284,OBJECTSALL/1527.jpg,OBJECTSALL/1392.jpg,OBJECTSALL/1068.jpg,OBJECTSALL/1105.jpg,OBJECTSALL/0407.jpg,OBJECTSALL/1527.jpg
unstudied,1,6,exemplarB/0150.JPG,exemplarA/150.jpg,2192.766052007675,exemplarB/0150.JPG,OBJECTSALL/1625.jpg,OBJECTSALL/1933.jpg,OBJECTSALL/0222.jpg,OBJECTSALL/1335.jpg,OBJECTSALL/0492.jpg
unstudied,0,5,exemplarB/0151.jpg,exemplarA/151.jpg,2205.144591808319,OBJECTSALL/0039.jpg,OBJECTSALL/0422.jpg,OBJECTSALL/1399.jpg,OBJECTSALL/0643.jpg,OBJECTSALL/1541.jpg,OBJECTSALL/0039.jpg
unstudied,1,2,exemplarB/048.jpg,exemplarA/48.jpg,2212.925705909729,exemplarB/048.jpg,OBJECTSALL/1402.jpg,OBJECTSALL/1961.jpg,OBJECTSALL/1677.jpg,OBJECTSALL/0367.jpg,OBJECTSALL/1792.jpg
unstudied,1,6,exemplarB/0335.jpg,exemplarA/335.jpg,2221.929136991501,exemplarB/0335.jpg,OBJECTSALL/1203.jpg,OBJECTSALL/0810.jpg,OBJECTSALL/1185.jpg,OBJECTSALL/0043.jpg,OBJECTSALL/1180.jpg
unstudied,1,2,exemplarB/0110.jpg,exemplarA/110.jpg,2229.6804687976837,exemplarB/0110.jpg,OBJECTSALL/0921.jpg,OBJECTSALL/1214.jpg,OBJECTSALL/1132.jpg,OBJECTSALL/1316.jpg,OBJECTSALL/1327.jpg
unstudied,0,6,exemplarA/242.jpg,exemplarB/0242.jpg,2241.7282178401947,OBJECTSALL/1710.jpg,OBJECTSALL/0042.jpg,OBJECTSALL/0974.jpg,OBJECTSALL/1431.jpg,OBJECTSALL/1615.jpg,OBJECTSALL/1013.jpg
unstudied,1,6,exemplarA/64.jpg,exemplarB/064.jpg,2257.7720267772675,exemplarA/64.jpg,OBJECTSALL/1276.jpg,OBJECTSALL/1406.jpg,OBJECTSALL/0820.jpg,OBJECTSALL/0544.jpg,OBJECTSALL/1574.jpg
unstudied,0,5,exemplarA/5.jpg,exemplarB/05.jpg,2267.546574831009,OBJECTSALL/0035.jpg,OBJECTSALL/1483.jpg,OBJECTSALL/1906.jpg,OBJECTSALL/0648.jpg,OBJECTSALL/0765.jpg,OBJECTSALL/0035.jpg
unstudied,1,2,exemplarB/092.jpg,exemplarA/92.jpg,2276.159278869629,exemplarB/092.jpg,OBJECTSALL/1167.jpg,OBJECTSALL/1115.jpg,OBJECTSALL/1561.jpg,OBJECTSALL/1558.jpg,OBJECTSALL/0270.jpg
unstudied,1,5,exemplarB/0283.jpg,exemplarA/283.jpg,2283.810196876526,exemplarB/0283.jpg,OBJECTSALL/1502.jpg,OBJECTSALL/0337.jpg,OBJECTSALL/0051.jpg,OBJECTSALL/0962.jpg,OBJECTSALL/1480.jpg
unstudied,0,5,exemplarB/0135.jpg,exemplarA/135.jpg,2297.360635995865,OBJECTSALL/0332.jpg,OBJECTSALL/1356.jpg,OBJECTSALL/1772.jpg,OBJECTSALL/0522.jpg,OBJECTSALL/0695.jpg,OBJECTSALL/0332.jpg
unstudied,1,5,exemplarB/0237.jpg,exemplarA/237.jpg,2305.1821269989014,exemplarB/0237.jpg,OBJECTSALL/1551.jpg,OBJECTSALL/1730.jpg,OBJECTSALL/0701.jpg,OBJECTSALL/1823.jpg,OBJECTSALL/0318.jpg
unstudied,0,6,exemplarB/08.jpg,exemplarA/8.jpg,2315.2969238758087,OBJECTSALL/1358.jpg,OBJECTSALL/1500.jpg,OBJECTSALL/0059.jpg,OBJECTSALL/0634.jpg,OBJECTSALL/1254.jpg,OBJECTSALL/1866.jpg
unstudied,1,2,exemplarA/203.jpg,exemplarB/0203.jpg,2322.8978238105774,exemplarA/203.jpg,OBJECTSALL/1877.jpg,OBJECTSALL/1901.jpg,OBJECTSALL/1133.jpg,OBJECTSALL/0543.jpg,OBJECTSALL/0204.jpg
unstudied,1,5,exemplarA/361.jpg,exemplarB/0361.jpg,2338.0204939842224,exemplarA/361.jpg,OBJECTSALL/1321.jpg,OBJECTSALL/1856.jpg,OBJECTSALL/0578.jpg,OBJECTSALL/1166.jpg,OBJECTSALL/1269.jpg
unstudied,1,1,exemplarB/013.jpg,exemplarA/13.jpg,2348.265790939331,exemplarB/013.jpg,OBJECTSALL/1019.jpg,OBJECTSALL/0009.jpg,OBJECTSALL/0807.jpg,OBJECTSALL/1512.jpg,OBJECTSALL/0331.jpg
unstudied,0,1,exemplarB/025.jpg,exemplarA/25.jpg,2359.612382888794,OBJECTSALL/1695.jpg,OBJECTSALL/1695.jpg,OBJECTSALL/1603.jpg,OBJECTSALL/1004.jpg,OBJECTSALL/0883.jpg,OBJECTSALL/1056.jpg
unstudied,1,1,exemplarA/259.jpg,exemplarB/0259.jpg,2367.663927793503,exemplarA/259.jpg,OBJECTSALL/0899.jpg,OBJECTSALL/0341.jpg,OBJECTSALL/1742.jpg,OBJECTSALL/1589.jpg,OBJECTSALL/1164.jpg
unstudied,0,3,exemplarB/0384.jpg,exemplarA/384.jpg,2380.5930428504944,OBJECTSALL/1837.jpg,OBJECTSALL/1135.jpg,OBJECTSALL/0614.jpg,OBJECTSALL/1837.jpg,OBJECTSALL/0346.jpg,OBJECTSALL/1333.jpg
unstudied,1,5,exemplarB/0206.jpg,exemplarA/206.jpg,2392.8209660053253,exemplarB/0206.jpg,OBJECTSALL/0382.jpg,OBJECTSALL/1857.jpg,OBJECTSALL/0445.jpg,OBJECTSALL/0831.jpg,OBJECTSALL/1852.jpg
unstudied,1,4,exemplarB/0294.jpg,exemplarA/294.jpg,2403.316652774811,exemplarB/0294.jpg,OBJECTSALL/0487.jpg,OBJECTSALL/0140.jpg,OBJECTSALL/1612.jpg,OBJECTSALL/0572.jpg,OBJECTSALL/1162.jpg
unstudied,0,1,exemplarB/0374.jpg,exemplarA/374.jpg,2419.180308818817,OBJECTSALL/1696.jpg,OBJECTSALL/1696.jpg,OBJECTSALL/1404.jpg,OBJECTSALL/1409.jpg,OBJECTSALL/1797.jpg,OBJECTSALL/1689.jpg
unstudied,1,2,exemplarA/164.jpg,exemplarB/0164.jpg,2427.362110853195,exemplarA/164.jpg,OBJECTSALL/0365.jpg,OBJECTSALL/0990.jpg,OBJECTSALL/0488.jpg,OBJECTSALL/0089.jpg,OBJECTSALL/1351.jpg
unstudied,1,2,exemplarB/0396.jpg,exemplarA/396.jpg,2435.5637328624725,exemplarB/0396.jpg,OBJECTSALL/1190.jpg,OBJECTSALL/1124.jpg,OBJECTSALL/1663.jpg,OBJECTSALL/0716.jpg,OBJECTSALL/1652.jpg
unstudied,1,5,exemplarB/0247.jpg,exemplarA/247.jpg,2443.926549911499,exemplarB/0247.jpg,OBJECTSALL/1454.jpg,OBJECTSALL/0743.jpg,OBJECTSALL/1318.jpg,OBJECTSALL/0554.jpg,OBJECTSALL/1941.jpg
unstudied,1,1,exemplarB/0182.jpg,exemplarA/182.jpg,2456.264912843704,exemplarB/0182.jpg,OBJECTSALL/1676.jpg,OBJECTSALL/0548.jpg,OBJECTSALL/1566.jpg,OBJECTSALL/0702.jpg,OBJECTSALL/1400.jpg
unstudied,0,6,exemplarB/0273.jpg,exemplarA/273.jpg,2466.830353975296,OBJECTSALL/1591.jpg,OBJECTSALL/0795.jpg,OBJECTSALL/0723.jpg,OBJECTSALL/1181.jpg,OBJECTSALL/0236.jpg,OBJECTSALL/0320.jpg
unstudied,0,1,exemplarA/256.jpg,exemplarB/0256.jpg,2477.9165539741516,OBJECTSALL/0936.jpg,OBJECTSALL/0936.jpg,OBJECTSALL/0323.jpg,OBJECTSALL/0948.jpg,OBJECTSALL/0992.jpg,OBJECTSALL/1360.jpg
unstudied,1,5,exemplarB/0112.jpg,exemplarA/112.jpg,2486.8295300006866,exemplarB/0112.jpg,OBJECTSALL/1680.jpg,OBJECTSALL/0794.jpg,OBJECTSALL/1557.jpg,OBJECTSALL/0796.jpg,OBJECTSALL/0959.jpg
unstudied,0,6,exemplarA/37.jpg,exemplarB/037.jpg,2503.344319820404,OBJECTSALL/1349.jpg,OBJECTSALL/0671.jpg,OBJECTSALL/1833.jpg,OBJECTSALL/1354.jpg,OBJECTSALL/0782.jpg,OBJECTSALL/1554.jpg
unstudied,1,1,exemplarB/0266.jpg,exemplarA/266.jpg,2512.2573227882385,exemplarB/0266.jpg,OBJECTSALL/0431.jpg,OBJECTSALL/1839.jpg,OBJECTSALL/1553.jpg,OBJECTSALL/1447.jpg,OBJECTSALL/0058.jpg
unstudied,1,6,exemplarB/06.jpg,exemplarA/6.jpg,2523.0228168964386,exemplarB/06.jpg,OBJECTSALL/0048.jpg,OBJECTSALL/1622.jpg,OBJECTSALL/1413.jpg,OBJECTSALL/1341.jpg,OBJECTSALL/1731.jpg
unstudied,0,4,exemplarA/170.jpg,exemplarB/0170.jpg,2532.6471898555756,OBJECTSALL/1588.jpg,OBJECTSALL/0903.jpg,OBJECTSALL/0386.jpg,OBJECTSALL/1485.jpg,OBJECTSALL/1588.jpg,OBJECTSALL/1876.jpg
unstudied,1,1,exemplarA/265.jpg,exemplarB/0265.jpg,2545.766467809677,exemplarA/265.jpg,OBJECTSALL/1584.jpg,OBJECTSALL/1055.jpg,OBJECTSALL/1128.jpg,OBJECTSALL/0397.jpg,OBJECTSALL/0082.jpg
unstudied,1,1,exemplarA/69.jpg,exemplarB/069.jpg,2554.619610786438,exemplarA/69.jpg,OBJECTSALL/1311.jpg,OBJECTSALL/0861.jpg,OBJECTSALL/0175.jpg,OBJECTSALL/1075.jpg,OBJECTSALL/1832.jpg
unstudied,1,2,exemplarB/01.jpg,exemplarA/1.jpg,2564.4544248580933,exemplarB/01.jpg,OBJECTSALL/1787.jpg,OBJECTSALL/0625.jpg,OBJECTSALL/1721.jpg,OBJECTSALL/0896.jpg,OBJECTSALL/0853.jpg
unstudied,1,6,exemplarA/81.jpg,exemplarB/081.jpg,2573.8577868938446,exemplarA/81.jpg,OBJECTSALL/1491.jpg,OBJECTSALL/0425.jpg,OBJECTSALL/0383.jpg,OBJECTSALL/1503.jpg,OBJECTSALL/0502.jpg
unstudied,0,2,exemplarA/14.jpg,exemplarB/014.jpg,2586.116115808487,OBJECTSALL/1194.jpg,OBJECTSALL/1484.jpg,OBJECTSALL/1194.jpg,OBJECTSALL/0551.jpg,OBJECTSALL/0094.jpg,OBJECTSALL/1748.jpg
unstudied,0,6,exemplarB/0392.jpg,exemplarA/392.jpg,2598.924729824066,OBJECTSALL/1429.jpg,OBJECTSALL/0864.jpg,OBJECTSALL/1141.jpg,OBJECTSALL/1686.jpg,OBJECTSALL/0788.jpg,OBJECTSALL/1054.jpg
unstudied,1,5,exemplarB/0149.jpg,exemplarA/149.jpg,2610.3722729682922,exemplarB/0149.jpg,OBJECTSALL/0662.jpg,OBJECTSALL/0835.jpg,OBJECTSALL/0142.jpg,OBJECTSALL/1305.jpg,OBJECTSALL/1423.jpg
unstudied,1,4,exemplarB/0331.jpg,exemplarA/331.jpg,2619.054365873337,exemplarB/0331.jpg,OBJECTSALL/0314.jpg,OBJECTSALL/0785.jpg,OBJECTSALL/0087.jpg,OBJECTSALL/1350.jpg,OBJECTSALL/0661.jpg
unstudied,0,3,exemplarB/0139.jpg,exemplarA/139.jpg,2627.667104959488,OBJECTSALL/0969.jpg,OBJECTSALL/0304.jpg,OBJECTSALL/1841.jpg,OBJECTSALL/0969.jpg,OBJECTSALL/1880.jpg,OBJECTSALL/0277.jpg
unstudied,1,5,exemplarB/029.jpg,exemplarA/29.jpg,2637.5121228694916,exemplarB/029.jpg,OBJECTSALL/1265.jpg,OBJECTSALL/1344.jpg,OBJECTSALL/0133.jpg,OBJECTSALL/0725.jpg,OBJECTSALL/0196.jpg
unstudied,1,5,exemplarB/0105.jpg,exemplarA/105.jpg,2647.8470928668976,exemplarB/0105.jpg,OBJECTSALL/0817.jpg,OBJECTSALL/0334.jpg,OBJECTSALL/0520.jpg,OBJECTSALL/0839.jpg,OBJECTSALL/0083.jpg
unstudied,1,4,exemplarB/0257.jpg,exemplarA/257.jpg,2655.9989478588104,exemplarB/0257.jpg,OBJECTSALL/0311.jpg,OBJECTSALL/1174.jpg,OBJECTSALL/0939.jpg,OBJECTSALL/1518.jpg,OBJECTSALL/0243.jpg
unstudied,1,1,exemplarA/209.jpg,exemplarB/0209.jpg,2664.1408429145813,exemplarA/209.jpg,OBJECTSALL/1005.jpg,OBJECTSALL/0833.jpg,OBJECTSALL/1207.jpg,OBJECTSALL/0729.jpg,OBJECTSALL/0780.jpg
unstudied,1,6,exemplarA/336.jpg,exemplarB/0336.jpg,2673.2347888946533,exemplarA/336.jpg,OBJECTSALL/0561.jpg,OBJECTSALL/1348.jpg,OBJECTSALL/1259.jpg,OBJECTSALL/1573.jpg,OBJECTSALL/0908.jpg
unstudied,1,4,exemplarA/315.jpg,exemplarB/0315.jpg,2682.808466911316,exemplarA/315.jpg,OBJECTSALL/0734.jpg,OBJECTSALL/1109.jpg,OBJECTSALL/1644.jpg,OBJECTSALL/1189.jpg,OBJECTSALL/1322.jpg
unstudied,1,3,exemplarA/31.jpg,exemplarB/031.jpg,2690.970181941986,exemplarA/31.jpg,OBJECTSALL/0828.jpg,OBJECTSALL/1047.jpg,OBJECTSALL/0582.jpg,OBJECTSALL/1770.jpg,OBJECTSALL/1650.jpg
unstudied,1,5,exemplarA/83.jpg,exemplarB/083.jpg,2700.7549798488617,exemplarA/83.jpg,OBJECTSALL/1616.jpg,OBJECTSALL/0778.jpg,OBJECTSALL/0558.jpg,OBJECTSALL/1921.jpg,OBJECTSALL/1862.jpg
unstudied,1,5,exemplarB/0274.jpg,exemplarA/274.jpg,2712.7026059627533,exemplarB/0274.jpg,OBJECTSALL/1290.jpg,OBJECTSALL/1694.jpg,OBJECTSALL/1264.jpg,OBJECTSALL/0649.jpg,OBJECTSALL/0885.jpg
unstudied,0,5,exemplarB/0188.jpg,exemplarA/188.jpg,2722.5672509670258,OBJECTSALL/0463.jpg,OBJECTSALL/0805.jpg,OBJECTSALL/1870.jpg,OBJECTSALL/0692.jpg,OBJECTSALL/1127.jpg,OBJECTSALL/0463.jpg
unstudied,0,4,exemplarA/24.jpg,exemplarB/024.jpg,2731.8107409477234,OBJECTSALL/1157.jpg,OBJECTSALL/1811.jpg,OBJECTSALL/1298.jpg,OBJECTSALL/0610.jpg,OBJECTSALL/1157.jpg,OBJECTSALL/0113.jpg
unstudied,1,2,exemplarA/54.jpg,exemplarB/054.jpg,2739.7124478816986,exemplarA/54.jpg,OBJECTSALL/0010.jpg,OBJECTSALL/1247.jpg,OBJECTSALL/0523.jpg,OBJECTSALL/1802.jpg,OBJECTSALL/0745.jpg
unstudied,1,2,exemplarA/205.jpg,exemplarB/0205.jpg,2747.6742119789124,exemplarA/205.jpg,OBJECTSALL/0766.jpg,OBJECTSALL/0116.jpg,OBJECTSALL/0267.jpg,OBJECTSALL/0546.jpg,OBJECTSALL/1122.jpg
unstudied,0,4,exemplarB/0365.jpg,exemplarA/365.jpg,2759.791989803314,OBJECTSALL/0081.jpg,OBJECTSALL/1120.jpg,OBJECTSALL/1098.jpg,OBJECTSALL/0262.jpg,OBJECTSALL/0081.jpg,OBJECTSALL/0313.jpg
unstudied,1,3,exemplarA/349.jpg,exemplarB/0349.jpg,2770.6280348300934,exemplarA/349.jpg,OBJECTSALL/0898.jpg,OBJECTSALL/1523.jpg,OBJECTSALL/0779.jpg,OBJECTSALL/1076.jpg,OBJECTSALL/1849.jpg
unstudied,0,3,exemplarA/200.jpg,exemplarB/0200.jpg,2780.0717527866364,OBJECTSALL/1656.jpg,OBJECTSALL/1932.jpg,OBJECTSALL/0401.jpg,OBJECTSALL/1656.jpg,OBJECTSALL/0354.jpg,OBJECTSALL/1785.jpg
unstudied,1,2,exemplarB/085.jpg,exemplarA/85.jpg,2787.6331498622894,exemplarB/085.jpg,OBJECTSALL/1913.jpg,OBJECTSALL/1275.jpg,OBJECTSALL/1922.jpg,OBJECTSALL/0633.jpg,OBJECTSALL/1655.jpg
unstudied,0,2,exemplarA/314.jpg,exemplarB/0314.jpg,2798.949840784073,OBJECTSALL/1087.jpg,OBJECTSALL/1718.jpg,OBJECTSALL/1087.jpg,OBJECTSALL/1149.jpg,OBJECTSALL/0866.jpg,OBJECTSALL/1807.jpg
unstudied,1,2,exemplarA/166.jpg,exemplarB/0166.jpg,2806.8013157844543,exemplarA/166.jpg,OBJECTSALL/1408.jpg,OBJECTSALL/1014.jpg,OBJECTSALL/0197.jpg,OBJECTSALL/1067.jpg,OBJECTSALL/0938.jpg
unstudied,0,1,exemplarB/0352.jpg,exemplarA/352.jpg,2820.6617407798767,OBJECTSALL/0019.jpg,OBJECTSALL/0019.jpg,OBJECTSALL/1478.jpg,OBJECTSALL/1766.jpg,OBJECTSALL/0850.jpg,OBJECTSALL/1163.jpg
unstudied,1,1,exemplarA/120.jpg,exemplarB/0120.jpg,2828.8737988471985,exemplarA/120.jpg,OBJECTSALL/0130.jpg,OBJECTSALL/0535.jpg,OBJECTSALL/1310.jpg,OBJECTSALL/1195.jpg,OBJECTSALL/1425.jpg
unstudied,1,3,exemplarB/0355.jpg,exemplarA/355.jpg,2836.7958419322968,exemplarB/0355.jpg,OBJECTSALL/0955.jpg,OBJECTSALL/1623.jpg,OBJECTSALL/0066.jpg,OBJECTSALL/0312.jpg,OBJECTSALL/1294.jpg
unstudied,0,2,exemplarB/04.jpg,exemplarA/4.jpg,2844.6973299980164,OBJECTSALL/1198.jpg,OBJECTSALL/1707.jpg,OBJECTSALL/1198.jpg,OBJECTSALL/0767.jpg,OBJECTSALL/1211.jpg,OBJECTSALL/0737.jpg
unstudied,0,3,exemplarA/288.jpg,exemplarB/0288.jpg,2855.6534309387207,OBJECTSALL/1009.jpg,OBJECTSALL/1353.jpg,OBJECTSALL/0209.jpg,OBJECTSALL/1009.jpg,OBJECTSALL/1070.jpg,OBJECTSALL/1380.jpg
unstudied,1,6,exemplarA/258.jpg,exemplarB/0258.jpg,2866.1586167812347,exemplarA/258.jpg,OBJECTSALL/0918.jpg,OBJECTSALL/1437.jpg,OBJECTSALL/0289.jpg,OBJECTSALL/0479.jpg,OBJECTSALL/0993.jpg
unstudied,1,4,exemplarB/0262.jpg,exemplarA/262.jpg,2874.5813839435577,exemplarB/0262.jpg,OBJECTSALL/0676.jpg,OBJECTSALL/0708.jpg,OBJECTSALL/0276.jpg,OBJECTSALL/0103.jpg,OBJECTSALL/1205.jpg
hybrid,1,5,exemplarB/0322.jpg,exemplarA/322.jpg,2922.572412967682,exemplarB/0322.jpg,OBJECTSALL/0922.jpg,OBJECTSALL/0413.jpg,OBJECTSALL/0892.jpg,OBJECTSALL/0210.jpg,OBJECTSALL/1549.jpg
hybrid,1,1,exemplarA/383.jpg,exemplarB/0383.jpg,2934.2292919158936,exemplarA/383.jpg,OBJECTSALL/0159.jpg,OBJECTSALL/1200.jpg,OBJECTSALL/0712.jpg,OBJECTSALL/0694.jpg,OBJECTSALL/0581.jpg
hybrid,1,6,exemplarA/86.jpg,exemplarB/086.jpg,2947.2083818912506,exemplarA/86.jpg,OBJECTSALL/1008.jpg,OBJECTSALL/0141.jpg,OBJECTSALL/1015.jpg,OBJECTSALL/1183.jpg,OBJECTSALL/1420.jpg
hybrid,1,4,exemplarA/213.jpg,exemplarB/0213.jpg,2963.732764005661,exemplarA/213.jpg,OBJECTSALL/1895.jpg,OBJECTSALL/0245.jpg,OBJECTSALL/0110.jpg,OBJECTSALL/0064.jpg,OBJECTSALL/0499.jpg
hybrid,1,3,exemplarA/118.jpg,exemplarB/0118.jpg,2974.158179998398,exemplarA/118.jpg,OBJECTSALL/1295.jpg,OBJECTSALL/1716.jpg,OBJECTSALL/0503.jpg,OBJECTSALL/1228.jpg,OBJECTSALL/0687.jpg
hybrid,1,4,exemplarA/271.jpg,exemplarB/0271.jpg,2982.4704887866974,exemplarA/271.jpg,OBJECTSALL/0518.jpg,OBJECTSALL/1508.jpg,OBJECTSALL/0442.jpg,OBJECTSALL/0786.jpg,OBJECTSALL/0426.jpg
hybrid,1,2,exemplarB/0168.jpg,exemplarA/168.jpg,2991.2730259895325,exemplarB/0168.jpg,OBJECTSALL/1665.jpg,OBJECTSALL/0931.jpg,OBJECTSALL/1436.jpg,OBJECTSALL/0627.jpg,OBJECTSALL/1245.jpg
hybrid,0,3,exemplarA/255.jpg,exemplarB/0255.jpg,3012.334398984909,OBJECTSALL/1187.jpg,OBJECTSALL/0526.jpg,OBJECTSALL/0819.jpg,OBJECTSALL/1187.jpg,OBJECTSALL/0636.jpg,OBJECTSALL/0118.jpg
hybrid,1,4,exemplarB/035.jpg,exemplarA/35.jpg,3020.486538887024,exemplarB/035.jpg,OBJECTSALL/0369.jpg,OBJECTSALL/0675.jpg,OBJECTSALL/1817.jpg,OBJECTSALL/0677.jpg,OBJECTSALL/0375.jpg
hybrid,1,6,exemplarB/0187.jpg,exemplarA/187.jpg,3031.3220999240875,exemplarB/0187.jpg,OBJECTSALL/1962.jpg,OBJECTSALL/0681.jpg,OBJECTSALL/0638.jpg,OBJECTSALL/1169.jpg,OBJECTSALL/0991.jpg
hybrid,1,4,exemplarA/180.jpg,exemplarB/0180.jpg,3049.108584880829,exemplarA/180.jpg,OBJECTSALL/0963.jpg,OBJECTSALL/1882.jpg,OBJECTSALL/0260.jpg,OBJECTSALL/0877.jpg,OBJECTSALL/1474.jpg
hybrid,1,2,exemplarB/0297.jpg,exemplarA/297.jpg,3058.5926718711853,exemplarB/0297.jpg,OBJECTSALL/1734.jpg,OBJECTSALL/0852.jpg,OBJECTSALL/1653.jpg,OBJECTSALL/0444.jpg,OBJECTSALL/0626.jpg
hybrid,0,1,exemplarB/0388.jpg,exemplarA/388.jpg,3071.341085910797,OBJECTSALL/1682.jpg,OBJECTSALL/1682.jpg,OBJECTSALL/1465.jpg,OBJECTSALL/1529.jpg,OBJECTSALL/0164.jpg,OBJECTSALL/0470.jpg
hybrid,1,2,exemplarA/301.jpg,exemplarB/0301.jpg,3079.38302898407,exemplarA/301.jpg,OBJECTSALL/1272.jpg,OBJECTSALL/1209.jpg,OBJECTSALL/1238.jpg,OBJECTSALL/0115.jpg,OBJECTSALL/0208.jpg
hybrid,1,4,exemplarB/0189.jpg,exemplarA/189.jpg,3087.9060299396515,exemplarB/0189.jpg,OBJECTSALL/0447.jpg,OBJECTSALL/0251.jpg,OBJECTSALL/0685.jpg,OBJECTSALL/0506.jpg,OBJECTSALL/1453.jpg
hybrid,0,3,exemplarA/50.jpg,exemplarB/050.jpg,3099.3325119018555,OBJECTSALL/1262.jpg,OBJECTSALL/0294.jpg,OBJECTSALL/1328.jpg,OBJECTSALL/1262.jpg,OBJECTSALL/1868.jpg,OBJECTSALL/1509.jpg
hybrid,1,4,exemplarA/391.jpg,exemplarB/0391.jpg,3110.2888247966766,exemplarA/391.jpg,OBJECTSALL/0949.jpg,OBJECTSALL/0309.jpg,OBJECTSALL/1587.jpg,OBJECTSALL/0670.jpg,OBJECTSALL/1292.jpg
hybrid,1,6,exemplarB/074.jpg,exemplarA/74.jpg,3120.273563861847,exemplarB/074.jpg,OBJECTSALL/0298.jpg,OBJECTSALL/1825.jpg,OBJECTSALL/1458.jpg,OBJECTSALL/1910.jpg,OBJECTSALL/1709.jpg
hybrid,0,3,exemplarB/051.jpg,exemplarA/51.jpg,3137.7392959594727,OBJECTSALL/0567.jpg,OBJECTSALL/0891.jpg,OBJECTSALL/1606.jpg,OBJECTSALL/0567.jpg,OBJECTSALL/0878.jpg,OBJECTSALL/1619.jpg
hybrid,1,6,exemplarB/0381.jpg,exemplarA/381.jpg,3146.301379919052,exemplarB/0381.jpg,OBJECTSALL/1064.jpg,OBJECTSALL/1339.jpg,OBJECTSALL/1805.jpg,OBJECTSALL/1835.jpg,OBJECTSALL/1486.jpg
hybrid,1,4,exemplarB/0184.jpg,exemplarA/184.jpg,3159.671626806259,exemplarB/0184.jpg,OBJECTSALL/0436.jpg,OBJECTSALL/1267.jpg,OBJECTSALL/1735.jpg,OBJECTSALL/1756.jpg,OBJECTSALL/1084.jpg
hybrid,0,2,exemplarB/071.jpg,exemplarA/71.jpg,3175.8654239177704,OBJECTSALL/1424.jpg,OBJECTSALL/1375.jpg,OBJECTSALL/1424.jpg,OBJECTSALL/1152.jpg,OBJECTSALL/1448.jpg,OBJECTSALL/1036.jpg
hybrid,1,3,exemplarA/106.jpg,exemplarB/0106.jpg,3186.621598958969,exemplarA/106.jpg,OBJECTSALL/1667.jpg,OBJECTSALL/0645.jpg,OBJECTSALL/1943.jpg,OBJECTSALL/0264.jpg,OBJECTSALL/0913.jpg
hybrid,1,2,exemplarB/061.jpg,exemplarA/61.jpg,3216.154995918274,exemplarB/061.jpg,OBJECTSALL/1643.jpg,OBJECTSALL/1003.jpg,OBJECTSALL/1177.jpg,OBJECTSALL/0453.jpg,OBJECTSALL/0306.jpg
hybrid,0,4,exemplarB/034.jpg,exemplarA/34.jpg,3229.9754610061646,OBJECTSALL/1156.jpg,OBJECTSALL/1470.jpg,OBJECTSALL/1953.jpg,OBJECTSALL/0261.jpg,OBJECTSALL/1156.jpg,OBJECTSALL/1434.jpg
hybrid,0,2,exemplarA/38.jpg,exemplarB/038.jpg,3259.4587450027466,OBJECTSALL/0682.jpg,OBJECTSALL/1572.jpg,OBJECTSALL/0682.jpg,OBJECTSALL/1155.jpg,OBJECTSALL/1725.jpg,OBJECTSALL/0508.jpg
hybrid,1,5,exemplarA/254.jpg,exemplarB/0254.jpg,3285.1567208766937,exemplarA/254.jpg,OBJECTSALL/0721.jpg,OBJECTSALL/1011.jpg,OBJECTSALL/0580.jpg,OBJECTSALL/0377.jpg,OBJECTSALL/1398.jpg
hybrid,1,5,exemplarB/0397.jpg,exemplarA/397.jpg,3293.0781128406525,exemplarB/0397.jpg,OBJECTSALL/0843.jpg,OBJECTSALL/0715.jpg,OBJECTSALL/0475.jpg,OBJECTSALL/0797.jpg,OBJECTSALL/1517.jpg
hybrid,0,5,exemplarA/45.jpg,exemplarB/045.jpg,3302.532139778137,OBJECTSALL/0018.jpg,OBJECTSALL/1113.jpg,OBJECTSALL/0524.jpg,OBJECTSALL/1411.jpg,OBJECTSALL/0012.jpg,OBJECTSALL/0018.jpg
hybrid,1,2,exemplarB/0131.jpg,exemplarA/131.jpg,3310.293392896652,exemplarB/0131.jpg,OBJECTSALL/1472.jpg,OBJECTSALL/1258.jpg,OBJECTSALL/1110.jpg,OBJECTSALL/0761.jpg,OBJECTSALL/1037.jpg
hybrid,0,5,exemplarB/089.jpg,exemplarA/89.jpg,3323.352993965149,OBJECTSALL/0273.jpg,OBJECTSALL/1793.jpg,OBJECTSALL/0724.jpg,OBJECTSALL/1703.jpg,OBJECTSALL/1154.jpg,OBJECTSALL/0273.jpg
hybrid,0,5,exemplarB/0287.jpg,exemplarA/287.jpg,3339.406341791153,OBJECTSALL/0120.jpg,OBJECTSALL/1107.jpg,OBJECTSALL/1299.jpg,OBJECTSALL/0168.jpg,OBJECTSALL/1317.jpg,OBJECTSALL/0120.jpg
hybrid,1,3,exemplarB/0137.jpg,exemplarA/137.jpg,3347.267861843109,exemplarB/0137.jpg,OBJECTSALL/0150.jpg,OBJECTSALL/0606.jpg,OBJECTSALL/1764.jpg,OBJECTSALL/0653.jpg,OBJECTSALL/0263.jpg
hybrid,1,5,exemplarB/0346.jpg,exemplarA/346.jpg,3354.8493177890778,exemplarB/0346.jpg,OBJECTSALL/0478.jpg,OBJECTSALL/1840.jpg,OBJECTSALL/1713.jpg,OBJECTSALL/1889.jpg,OBJECTSALL/1208.jpg
hybrid,1,4,exemplarA/278.jpg,exemplarB/0278.jpg,3367.067512989044,exemplarA/278.jpg,OBJECTSALL/0934.jpg,OBJECTSALL/1524.jpg,OBJECTSALL/1964.jpg,OBJECTSALL/1611.jpg,OBJECTSALL/0727.jpg
hybrid,1,4,exemplarB/0195.jpg,exemplarA/195.jpg,3376.060478925705,exemplarB/0195.jpg,OBJECTSALL/0505.jpg,OBJECTSALL/0249.jpg,OBJECTSALL/0438.jpg,OBJECTSALL/1842.jpg,OBJECTSALL/1545.jpg
hybrid,1,3,exemplarA/23.jpg,exemplarB/023.jpg,3385.41401386261,exemplarA/23.jpg,OBJECTSALL/1506.jpg,OBJECTSALL/1140.jpg,OBJECTSALL/0513.jpg,OBJECTSALL/1896.jpg,OBJECTSALL/1931.jpg
hybrid,1,6,exemplarA/154.jpg,exemplarB/0154.jpg,3393.1156249046326,exemplarA/154.jpg,OBJECTSALL/0259.jpg,OBJECTSALL/1416.jpg,OBJECTSALL/1816.jpg,OBJECTSALL/1440.jpg,OBJECTSALL/1819.jpg
hybrid,0,1,exemplarB/0172.jpg,exemplarA/172.jpg,3420.095713853836,OBJECTSALL/1379.jpg,OBJECTSALL/1379.jpg,OBJECTSALL/0497.jpg,OBJECTSALL/1798.jpg,OBJECTSALL/1828.jpg,OBJECTSALL/0194.jpg
hybrid,1,3,exemplarB/0339.jpg,exemplarA/339.jpg,3431.7730758190155,exemplarB/0339.jpg,OBJECTSALL/1867.jpg,OBJECTSALL/0988.jpg,OBJECTSALL/1324.jpg,OBJECTSALL/0448.jpg,OBJECTSALL/1106.jpg
hybrid,1,2,exemplarA/198.jpg,exemplarB/0198.jpg,3439.56395983696,exemplarA/198.jpg,OBJECTSALL/1846.jpg,OBJECTSALL/0004.jpg,OBJECTSALL/0390.jpg,OBJECTSALL/0329.jpg,OBJECTSALL/1705.jpg
hybrid,1,5,exemplarA/122.jpg,exemplarB/0122.jpg,3450.6205117702484,exemplarA/122.jpg,OBJECTSALL/0315.jpg,OBJECTSALL/1777.jpg,OBJECTSALL/0225.jpg,OBJECTSALL/0017.jpg,OBJECTSALL/0232.jpg
hybrid,1,5,exemplarB/0342.jpg,exemplarA/342.jpg,3460.5247139930725,exemplarB/0342.jpg,OBJECTSALL/0121.jpg,OBJECTSALL/1288.jpg,OBJECTSALL/0419.jpg,OBJECTSALL/1118.jpg,OBJECTSALL/1537.jpg
hybrid,1,6,exemplarB/0290.jpg,exemplarA/290.jpg,3476.8393828868866,exemplarB/0290.jpg,OBJECTSALL/0279.jpg,OBJECTSALL/1938.jpg,OBJECTSALL/0283.jpg,OBJECTSALL/0621.jpg,OBJECTSALL/0867.jpg
hybrid,1,2,exemplarA/236.jpg,exemplarB/0236.jpg,3485.381519794464,exemplarA/236.jpg,OBJECTSALL/0351.jpg,OBJECTSALL/1065.jpg,OBJECTSALL/0240.jpg,OBJECTSALL/1239.jpg,OBJECTSALL/0998.jpg
hybrid,1,5,exemplarB/0378.jpg,exemplarA/378.jpg,3493.63387298584,exemplarB/0378.jpg,OBJECTSALL/1610.jpg,OBJECTSALL/1026.jpg,OBJECTSALL/0837.jpg,OBJECTSALL/1101.jpg,OBJECTSALL/1894.jpg
hybrid,0,6,exemplarB/0102.jpg,exemplarA/102.jpg,3503.8290338516235,OBJECTSALL/0256.jpg,OBJECTSALL/1083.jpg,OBJECTSALL/0894.jpg,OBJECTSALL/1403.jpg,OBJECTSALL/0565.jpg,OBJECTSALL/0547.jpg
hybrid,1,1,exemplarB/036.JPG,exemplarA/36.jpg,3511.830801963806,exemplarB/036.JPG,OBJECTSALL/0344.jpg,OBJECTSALL/0398.jpg,OBJECTSALL/1892.jpg,OBJECTSALL/1535.jpg,OBJECTSALL/0838.jpg
hybrid,0,2,exemplarA/360.jpg,exemplarB/0360.jpg,3524.2989308834076,OBJECTSALL/1277.jpg,OBJECTSALL/0736.jpg,OBJECTSALL/1277.jpg,OBJECTSALL/1844.jpg,OBJECTSALL/1956.jpg,OBJECTSALL/0134.jpg
hybrid,1,5,exemplarA/128.jpg,exemplarB/0128.jpg,3533.1020209789276,exemplarA/128.jpg,OBJECTSALL/0252.jpg,OBJECTSALL/0773.jpg,OBJECTSALL/0705.jpg,OBJECTSALL/0216.jpg,OBJECTSALL/0666.jpg
hybrid,0,1,exemplarA/380.jpg,exemplarB/0380.jpg,3545.450783967972,OBJECTSALL/0868.jpg,OBJECTSALL/0868.jpg,OBJECTSALL/0008.jpg,OBJECTSALL/1944.jpg,OBJECTSALL/1580.jpg,OBJECTSALL/0462.jpg
hybrid,0,2,exemplarB/0286.jpg,exemplarA/286.jpg,3574.5730419158936,OBJECTSALL/1570.jpg,OBJECTSALL/1171.jpg,OBJECTSALL/1570.jpg,OBJECTSALL/1444.jpg,OBJECTSALL/1784.jpg,OBJECTSALL/0759.jpg
hybrid,1,4,exemplarA/207.jpg,exemplarB/0207.jpg,3585.259123802185,exemplarA/207.jpg,OBJECTSALL/0639.jpg,OBJECTSALL/0674.jpg,OBJECTSALL/0545.jpg,OBJECTSALL/0730.jpg,OBJECTSALL/0246.jpg
hybrid,1,1,exemplarA/243.jpg,exemplarB/0243.jpg,3596.1852598190308,exemplarA/243.jpg,OBJECTSALL/1244.jpg,OBJECTSALL/0200.jpg,OBJECTSALL/0415.jpg,OBJECTSALL/0373.jpg,OBJECTSALL/1581.jpg
hybrid,0,3,exemplarB/0230.jpg,exemplarA/230.jpg,3611.708306789398,OBJECTSALL/0751.jpg,OBJECTSALL/0733.jpg,OBJECTSALL/0472.jpg,OBJECTSALL/0751.jpg,OBJECTSALL/0403.jpg,OBJECTSALL/1253.jpg
hybrid,0,3,exemplarA/155.jpg,exemplarB/0155.jpg,3622.50381398201,OBJECTSALL/0707.jpg,OBJECTSALL/1963.jpg,OBJECTSALL/0206.jpg,OBJECTSALL/0707.jpg,OBJECTSALL/0303.jpg,OBJECTSALL/0595.jpg
hybrid,0,5,exemplarB/0350.jpg,exemplarA/350.jpeg,3633.860874891281,OBJECTSALL/0777.jpg,OBJECTSALL/0278.jpg,OBJECTSALL/0073.jpg,OBJECTSALL/0049.jpg,OBJECTSALL/0631.jpg,OBJECTSALL/0777.jpg
hybrid,1,3,exemplarA/87.jpg,exemplarB/087.jpg,3643.2846779823303,exemplarA/87.jpg,OBJECTSALL/0084.jpg,OBJECTSALL/1858.jpg,OBJECTSALL/0317.jpg,OBJECTSALL/0391.jpg,OBJECTSALL/0683.jpg
hybrid,0,2,exemplarA/253.jpg,exemplarB/0253.jpg,3658.7878317832947,OBJECTSALL/0405.jpg,OBJECTSALL/0752.jpg,OBJECTSALL/0405.jpg,OBJECTSALL/0793.jpg,OBJECTSALL/0440.jpg,OBJECTSALL/0040.jpg
hybrid,1,6,exemplarB/056.jpg,exemplarA/56.jpg,3678.066062927246,exemplarB/056.jpg,OBJECTSALL/0432.jpg,OBJECTSALL/0517.jpg,OBJECTSALL/0180.jpg,OBJECTSALL/0915.jpg,OBJECTSALL/0630.jpg
hybrid,0,2,exemplarA/251.jpg,exemplarB/0251.jpg,3693.5286149978638,OBJECTSALL/0395.jpg,OBJECTSALL/0220.jpg,OBJECTSALL/0395.jpg,OBJECTSALL/1613.jpg,OBJECTSALL/0473.jpg,OBJECTSALL/0632.jpg
hybrid,0,1,exemplarA/235.jpg,exemplarB/0235.jpg,3703.0028808116913,OBJECTSALL/0964.jpg,OBJECTSALL/0964.jpg,OBJECTSALL/0218.jpg,OBJECTSALL/0528.jpg,OBJECTSALL/1021.jpg,OBJECTSALL/0449.jpg
hybrid,1,2,exemplarA/129.jpg,exemplarB/0129.jpg,3710.6334598064423,exemplarA/129.jpg,OBJECTSALL/0491.jpg,OBJECTSALL/1091.jpg,OBJECTSALL/0691.jpg,OBJECTSALL/1289.jpg,OBJECTSALL/0829.jpg
hybrid,1,6,exemplarA/43.jpg,exemplarB/043.jpg,3719.7170779705048,exemplarA/43.jpg,OBJECTSALL/1790.jpg,OBJECTSALL/1774.jpg,OBJECTSALL/0465.jpg,OBJECTSALL/1664.jpg,OBJECTSALL/0307.jpg
hybrid,0,2,exemplarA/46.jpg,exemplarB/046.jpg,3729.741931915283,OBJECTSALL/1144.jpg,OBJECTSALL/0539.jpg,OBJECTSALL/1144.jpg,OBJECTSALL/0584.jpg,OBJECTSALL/0443.jpg,OBJECTSALL/1226.jpg
hybrid,1,3,exemplarB/019.jpg,exemplarA/19.jpg,3737.262929916382,exemplarB/019.jpg,OBJECTSALL/0409.jpg,OBJECTSALL/0713.jpg,OBJECTSALL/1445.jpg,OBJECTSALL/1773.jpg,OBJECTSALL/0700.jpg
hybrid,1,4,exemplarB/0147.jpg,exemplarA/147.jpg,3745.0745389461517,exemplarB/0147.jpg,OBJECTSALL/0663.jpg,OBJECTSALL/0389.jpg,OBJECTSALL/0228.jpg,OBJECTSALL/1197.jpg,OBJECTSALL/0441.jpg
hybrid,0,2,exemplarB/0113.jpg,exemplarA/113.jpg,3760.4770669937134,OBJECTSALL/0234.jpg,OBJECTSALL/1352.jpg,OBJECTSALL/0234.jpg,OBJECTSALL/1799.jpg,OBJECTSALL/0075.jpg,OBJECTSALL/0541.jpg
hybrid,0,4,exemplarA/196.jpg,exemplarB/0196.jpg,3772.07435297966,OBJECTSALL/1765.jpg,OBJECTSALL/0138.jpg,OBJECTSALL/0464.jpg,OBJECTSALL/0739.jpg,OBJECTSALL/1765.jpg,OBJECTSALL/0521.jpg
hybrid,0,2,exemplarB/0270.jpg,exemplarA/270.jpg,3782.7801258563995,OBJECTSALL/0205.jpg,OBJECTSALL/0328.jpg,OBJECTSALL/0205.jpg,OBJECTSALL/0053.jpg,OBJECTSALL/0801.jpg,OBJECTSALL/1274.jpg
hybrid,0,4,exemplarB/0145.jpg,exemplarA/145.jpg,3795.2282769680023,OBJECTSALL/1148.jpg,OBJECTSALL/1711.jpg,OBJECTSALL/0127.jpg,OBJECTSALL/0061.jpg,OBJECTSALL/1148.jpg,OBJECTSALL/0941.jpg
hybrid,0,3,exemplarB/0319.jpg,exemplarA/319.jpg,3814.8578448295593,OBJECTSALL/0588.jpg,OBJECTSALL/1094.jpg,OBJECTSALL/1368.jpg,OBJECTSALL/0588.jpg,OBJECTSALL/1945.jpg,OBJECTSALL/1661.jpg
hybrid,0,4,exemplarB/0366.jpg,exemplarA/366.jpg,3831.9128699302673,OBJECTSALL/0637.jpg,OBJECTSALL/0468.jpg,OBJECTSALL/0555.jpg,OBJECTSALL/0274.jpg,OBJECTSALL/0637.jpg,OBJECTSALL/0241.jpg
hybrid,0,3,exemplarA/326.jpg,exemplarB/0326.jpg,3844.5410199165344,OBJECTSALL/1035.jpg,OBJECTSALL/1761.jpg,OBJECTSALL/0862.jpg,OBJECTSALL/1035.jpg,OBJECTSALL/0404.jpg,OBJECTSALL/0927.jpg
hybrid,1,2,exemplarA/161.jpg,exemplarB/0161.jpg,3852.732860803604,exemplarA/161.jpg,OBJECTSALL/1531.jpg,OBJECTSALL/1540.jpg,OBJECTSALL/0874.jpg,OBJECTSALL/0300.jpg,OBJECTSALL/1826.jpg
hybrid,1,3,exemplarB/02.jpg,exemplarA/2.jpg,3867.294622898102,exemplarB/02.jpg,OBJECTSALL/1227.jpg,OBJECTSALL/1600.jpg,OBJECTSALL/0500.jpg,OBJECTSALL/0844.jpg,OBJECTSALL/0686.jpg
hybrid,1,4,exemplarB/0134.jpg,exemplarA/134.jpg,3874.9261219501495,exemplarB/0134.jpg,OBJECTSALL/1278.jpg,OBJECTSALL/0021.jpg,OBJECTSALL/1818.jpg,OBJECTSALL/0034.jpg,OBJECTSALL/0155.jpg
hybrid,1,5,exemplarB/0300.jpg,exemplarA/300.jpg,3888.075695991516,exemplarB/0300.jpg,OBJECTSALL/0608.jpg,OBJECTSALL/1875.jpg,OBJECTSALL/0984.jpg,OBJECTSALL/0906.jpg,OBJECTSALL/0188.jpg
hybrid,1,6,exemplarB/066.jpg,exemplarA/66.jpg,3895.5257217884064,exemplarB/066.jpg,OBJECTSALL/0187.jpg,OBJECTSALL/1417.jpg,OBJECTSALL/0827.jpg,OBJECTSALL/0946.jpg,OBJECTSALL/1172.jpg
hybrid,0,2,exemplarA/292.jpg,exemplarB/0292.jpg,3917.698985815048,OBJECTSALL/0361.jpg,OBJECTSALL/0592.jpg,OBJECTSALL/0361.jpg,OBJECTSALL/0199.jpg,OBJECTSALL/0812.jpg,OBJECTSALL/1143.jpg
6AFC,1,6,exemplarA/57.jpg,exemplarB/057.jpg,3946.9624547958374,exemplarA/57.jpg,OBJECTSALL/1717.jpg,OBJECTSALL/1464.jpg,OBJECTSALL/0014.jpg,OBJECTSALL/0514.jpg,OBJECTSALL/0880.jpg
6AFC,0,4,exemplarB/0192.jpg,exemplarA/192.jpg,3956.876806974411,OBJECTSALL/0037.jpg,OBJECTSALL/1284.jpg,OBJECTSALL/0077.jpg,OBJECTSALL/0871.jpg,OBJECTSALL/0037.jpg,OBJECTSALL/1670.jpg
6AFC,0,6,exemplarA/224.jpg,exemplarB/0224.jpg,3964.818298816681,OBJECTSALL/1636.jpg,OBJECTSALL/0271.jpg,OBJECTSALL/1241.jpg,OBJECTSALL/0784.jpg,OBJECTSALL/0201.jpg,OBJECTSALL/1206.jpg
6AFC,0,5,exemplarB/0340.jpg,exemplarA/340.jpg,3974.2625148296356,OBJECTSALL/0302.jpg,OBJECTSALL/1309.jpg,OBJECTSALL/0609.jpg,OBJECTSALL/0372.jpg,OBJECTSALL/0079.jpg,OBJECTSALL/0302.jpg
6AFC,0,5,exemplarA/231.jpg,exemplarB/0231.jpg,3974.4525678157806,OBJECTSALL/0063.jpg,OBJECTSALL/0198.jpg,OBJECTSALL/1129.jpg,OBJECTSALL/1438.jpg,OBJECTSALL/1496.jpg,OBJECTSALL/0063.jpg
6AFC,0,5,exemplarB/0222.jpg,exemplarA/222.jpg,3980.1711988449097,OBJECTSALL/1384.jpg,OBJECTSALL/0429.jpg,OBJECTSALL/0629.jpg,OBJECTSALL/1639.jpg,OBJECTSALL/0781.jpg,OBJECTSALL/1384.jpg
6AFC,1,5,exemplarA/312.jpg,exemplarB/0312.jpg,3984.7277688980103,exemplarA/312.jpg,OBJECTSALL/1381.jpg,OBJECTSALL/1077.jpg,OBJECTSALL/0362.jpg,OBJECTSALL/1023.jpg,OBJECTSALL/1683.jpg
6AFC,0,3,exemplarB/0117.jpg,exemplarA/117.jpg,3997.9075767993927,OBJECTSALL/0976.jpg,OBJECTSALL/1359.jpg,OBJECTSALL/1270.jpg,OBJECTSALL/0976.jpg,OBJECTSALL/0458.jpg,OBJECTSALL/0269.jpg
6AFC,1,3,exemplarA/47.jpg,exemplarB/047.jpg,3998.0675418376923,exemplarA/47.jpg,OBJECTSALL/0456.jpg,OBJECTSALL/0336.jpg,OBJECTSALL/0327.jpg,OBJECTSALL/0474.jpg,OBJECTSALL/1251.jpg
6AFC,0,4,exemplarA/136.jpg,exemplarB/0136.jpg,4012.398845911026,OBJECTSALL/1000.jpg,OBJECTSALL/1038.jpg,OBJECTSALL/0585.jpg,OBJECTSALL/1488.jpg,OBJECTSALL/1000.jpg,OBJECTSALL/1528.jpg
6AFC,0,3,exemplarA/27.jpg,exemplarB/027.jpg,4016.7047147750854,OBJECTSALL/0975.jpg,OBJECTSALL/0689.jpg,OBJECTSALL/1915.jpg,OBJECTSALL/0975.jpg,OBJECTSALL/1726.jpg,OBJECTSALL/0706.jpg
6AFC,0,2,exemplarA/11.jpg,exemplarB/011.jpg,4020.720627784729,OBJECTSALL/1642.jpg,OBJECTSALL/0498.jpg,OBJECTSALL/1642.jpg,OBJECTSALL/0173.jpg,OBJECTSALL/1516.jpg,OBJECTSALL/0501.jpg
6AFC,1,5,exemplarB/0171.jpg,exemplarA/171.jpg,4023.214686870575,exemplarB/0171.jpg,OBJECTSALL/0758.jpg,OBJECTSALL/1165.jpg,OBJECTSALL/1224.jpg,OBJECTSALL/1099.jpg,OBJECTSALL/0396.jpg
6AFC,1,1,exemplarA/94.jpg,exemplarB/094.jpg,4027.7108809947968,exemplarA/94.jpg,OBJECTSALL/0940.jpg,OBJECTSALL/0951.jpg,OBJECTSALL/0960.jpg,OBJECTSALL/1103.jpg,OBJECTSALL/1138.jpg
6AFC,0,5,exemplarB/0325.jpg,exemplarA/325.jpg,4030.1948778629303,OBJECTSALL/1845.jpg,OBJECTSALL/1847.jpg,OBJECTSALL/1504.jpg,OBJECTSALL/1307.jpg,OBJECTSALL/1568.jpg,OBJECTSALL/1845.jpg
6AFC,1,6,exemplarA/107.jpg,exemplarB/0107.jpg,4037.285446882248,exemplarA/107.jpg,OBJECTSALL/0363.jpg,OBJECTSALL/1596.jpg,OBJECTSALL/1869.jpg,OBJECTSALL/0227.jpg,OBJECTSALL/1492.jpg
6AFC,0,5,exemplarB/0199.jpg,exemplarA/199.jpg,4041.7516288757324,OBJECTSALL/0420.jpg,OBJECTSALL/1232.jpg,OBJECTSALL/1779.jpg,OBJECTSALL/0760.jpg,OBJECTSALL/1320.jpg,OBJECTSALL/0420.jpg
6AFC,1,1,exemplarA/313.jpg,exemplarB/0313.jpg,4047.0601768493652,exemplarA/313.jpg,OBJECTSALL/1620.jpg,OBJECTSALL/1757.jpg,OBJECTSALL/1085.jpg,OBJECTSALL/0873.jpg,OBJECTSALL/1243.jpg
6AFC,1,1,exemplarB/065.jpg,exemplarA/65.jpg,4052.5276119709015,exemplarB/065.jpg,OBJECTSALL/1151.jpg,OBJECTSALL/1479.jpg,OBJECTSALL/1048.jpg,OBJECTSALL/1546.jpg,OBJECTSALL/0601.jpg
6AFC,1,3,exemplarA/121.jpg,exemplarB/0121.jpg,4061.431163787842,exemplarA/121.jpg,OBJECTSALL/0956.jpg,OBJECTSALL/1501.jpg,OBJECTSALL/0822.jpg,OBJECTSALL/1396.jpg,OBJECTSALL/1608.jpg
6AFC,1,6,exemplarB/0181.jpg,exemplarA/181.jpg,4067.0692808628082,exemplarB/0181.jpg,OBJECTSALL/1233.jpg,OBJECTSALL/1286.jpg,OBJECTSALL/1559.jpg,OBJECTSALL/1791.jpg,OBJECTSALL/0509.jpg
6AFC,1,4,exemplarA/317.jpg,exemplarB/0317.jpg,4072.197100877762,exemplarA/317.jpg,OBJECTSALL/1377.jpg,OBJECTSALL/0162.jpg,OBJECTSALL/1803.jpg,OBJECTSALL/0849.jpg,OBJECTSALL/1708.jpg
6AFC,0,4,exemplarB/0152.jpg,exemplarA/152.jpg,4072.3669559955597,OBJECTSALL/1495.jpg,OBJECTSALL/1562.jpg,OBJECTSALL/1455.jpg,OBJECTSALL/1942.jpg,OBJECTSALL/1495.jpg,OBJECTSALL/0027.jpg
6AFC,1,4,exemplarB/0163.jpg,exemplarA/163.jpg,4077.344297885895,exemplarB/0163.jpg,OBJECTSALL/0387.jpg,OBJECTSALL/1595.jpg,OBJECTSALL/1853.jpg,OBJECTSALL/0678.jpg,OBJECTSALL/0855.jpg
6AFC,0,1,exemplarB/0246.jpg,exemplarA/246.jpg,4081.570396900177,OBJECTSALL/1768.jpg,OBJECTSALL/1768.jpg,OBJECTSALL/0983.jpg,OBJECTSALL/1319.jpg,OBJECTSALL/0599.jpg,OBJECTSALL/0088.jpg
6AFC,1,3,exemplarA/153.jpg,exemplarB/0153.jpg,4084.274804830551,exemplarA/153.jpg,OBJECTSALL/0268.jpg,OBJECTSALL/1715.jpg,OBJECTSALL/1714.jpg,OBJECTSALL/1451.jpg,OBJECTSALL/1577.jpg
6AFC,1,4,exemplarA/372.jpg,exemplarB/0372.jpg,4090.4535839557648,exemplarA/372.jpg,OBJECTSALL/1186.jpg,OBJECTSALL/0098.jpg,OBJECTSALL/0203.jpg,OBJECTSALL/1123.jpg,OBJECTSALL/0322.jpg
6AFC,1,3,exemplarB/0133.jpg,exemplarA/133.jpg,4096.022409915924,exemplarB/0133.jpg,OBJECTSALL/0292.jpg,OBJECTSALL/1050.jpg,OBJECTSALL/1281.jpg,OBJECTSALL/1473.jpg,OBJECTSALL/1266.jpg
6AFC,0,3,exemplarA/93.jpg,exemplarB/093.jpg,4105.725960969925,OBJECTSALL/1158.jpg,OBJECTSALL/0357.jpg,OBJECTSALL/0755.jpg,OBJECTSALL/1158.jpg,OBJECTSALL/0080.jpg,OBJECTSALL/0942.jpg
6AFC,0,1,exemplarB/0280.jpg,exemplarA/280.jpg,4112.466196775436,OBJECTSALL/1302.jpg,OBJECTSALL/1302.jpg,OBJECTSALL/1108.jpg,OBJECTSALL/0489.jpg,OBJECTSALL/1389.jpg,OBJECTSALL/1697.jpg
6AFC,0,2,exemplarB/0210.jpg,exemplarA/210.jpg,4115.640639781952,OBJECTSALL/0818.jpg,OBJECTSALL/0177.jpg,OBJECTSALL/0818.jpg,OBJECTSALL/0965.jpg,OBJECTSALL/1340.jpg,OBJECTSALL/0052.jpg
6AFC,1,6,exemplarB/0354.jpg,exemplarA/354.jpg,4121.09893989563,exemplarB/0354.jpg,OBJECTSALL/1041.jpg,OBJECTSALL/0684.jpg,OBJECTSALL/0718.jpg,OBJECTSALL/0114.jpg,OBJECTSALL/0824.jpg
6AFC,0,5,exemplarB/0167.jpg,exemplarA/167.jpg,4125.255302906036,OBJECTSALL/1476.jpg,OBJECTSALL/0356.jpg,OBJECTSALL/1044.jpg,OBJECTSALL/0046.jpg,OBJECTSALL/1393.jpg,OBJECTSALL/1476.jpg
6AFC,0,5,exemplarA/291.jpg,exemplarB/0291.jpg,4127.928889989853,OBJECTSALL/0430.jpg,OBJECTSALL/1891.jpg,OBJECTSALL/1213.jpg,OBJECTSALL/1614.jpg,OBJECTSALL/1159.jpg,OBJECTSALL/0430.jpg
6AFC,1,4,exemplarB/0194.jpg,exemplarA/194.jpg,4131.193775892258,exemplarB/0194.jpg,OBJECTSALL/1257.jpg,OBJECTSALL/0728.jpg,OBJECTSALL/1534.jpg,OBJECTSALL/0619.jpg,OBJECTSALL/1287.jpg
6AFC,0,4,exemplarB/017.jpg,exemplarA/17.jpg,4131.363934993744,OBJECTSALL/0171.jpg,OBJECTSALL/0673.jpg,OBJECTSALL/1030.jpg,OBJECTSALL/0011.jpg,OBJECTSALL/0171.jpg,OBJECTSALL/0182.jpg
6AFC,0,6,exemplarA/15.jpg,exemplarB/015.jpg,4136.301399946213,OBJECTSALL/0563.jpg,OBJECTSALL/0451.jpg,OBJECTSALL/1184.jpg,OBJECTSALL/1638.jpg,OBJECTSALL/1130.jpg,OBJECTSALL/1886.jpg
6AFC,1,1,exemplarB/0217.jpg,exemplarA/217.jpg,4137.863298892975,exemplarB/0217.jpg,OBJECTSALL/0731.jpg,OBJECTSALL/1659.jpg,OBJECTSALL/1788.jpg,OBJECTSALL/0821.jpg,OBJECTSALL/0423.jpg
6AFC,1,5,exemplarB/09.jpg,exemplarA/9.jpg,4145.014222860336,exemplarB/09.jpg,OBJECTSALL/1753.jpg,OBJECTSALL/1675.jpg,OBJECTSALL/0693.jpg,OBJECTSALL/0219.jpg,OBJECTSALL/0144.jpg
6AFC,0,5,exemplarA/53.jpg,exemplarB/053.jpg,4151.90429186821,OBJECTSALL/1801.jpg,OBJECTSALL/1001.jpg,OBJECTSALL/0001.jpg,OBJECTSALL/1939.jpg,OBJECTSALL/0280.jpg,OBJECTSALL/1801.jpg
6AFC,1,6,exemplarA/115.jpg,exemplarB/0115.jpg,4153.917088985443,exemplarA/115.jpg,OBJECTSALL/1637.jpg,OBJECTSALL/1513.jpg,OBJECTSALL/1786.jpg,OBJECTSALL/0688.jpg,OBJECTSALL/0213.jpg
6AFC,1,2,exemplarB/068.jpg,exemplarA/68.jpg,4157.822485923767,exemplarB/068.jpg,OBJECTSALL/0230.jpg,OBJECTSALL/0775.jpg,OBJECTSALL/0435.jpg,OBJECTSALL/1426.jpg,OBJECTSALL/0669.jpg
6AFC,1,4,exemplarA/158.jpg,exemplarB/0158.jpg,4160.2665848731995,exemplarA/158.jpg,OBJECTSALL/0602.jpg,OBJECTSALL/1685.jpg,OBJECTSALL/0184.jpg,OBJECTSALL/1666.jpg,OBJECTSALL/1112.jpg
6AFC,0,6,exemplarB/021.jpg,exemplarA/21.jpg,4161.588585853577,OBJECTSALL/1865.jpg,OBJECTSALL/0452.jpg,OBJECTSALL/1760.jpg,OBJECTSALL/1651.jpg,OBJECTSALL/0690.jpg,OBJECTSALL/0348.jpg
6AFC,1,3,exemplarB/0310.jpg,exemplarA/310.jpg,4166.015234947205,exemplarB/0310.jpg,OBJECTSALL/1188.jpg,OBJECTSALL/0045.jpg,OBJECTSALL/0958.jpg,OBJECTSALL/1386.jpg,OBJECTSALL/0353.jpg
6AFC,0,6,exemplarA/220.jpg,exemplarB/0220.jpg,4174.047323942184,OBJECTSALL/1855.jpg,OBJECTSALL/0217.jpg,OBJECTSALL/1229.jpg,OBJECTSALL/0214.jpg,OBJECTSALL/1215.jpg,OBJECTSALL/1117.jpg
6AFC,1,3,exemplarA/233.jpg,exemplarB/0233.jpg,4178.843683958054,exemplarA/233.jpg,OBJECTSALL/1452.jpg,OBJECTSALL/1193.jpg,OBJECTSALL/1547.jpg,OBJECTSALL/0054.jpg,OBJECTSALL/1916.jpg
6AFC,0,6,exemplarB/091.jpg,exemplarA/91.jpg,4184.172203779221,OBJECTSALL/0486.jpg,OBJECTSALL/1930.jpg,OBJECTSALL/1002.jpg,OBJECTSALL/0086.jpg,OBJECTSALL/1362.jpg,OBJECTSALL/0100.jpg
6AFC,1,4,exemplarB/0375.jpg,exemplarA/375.jpg,4187.466599941254,exemplarB/0375.jpg,OBJECTSALL/0537.jpg,OBJECTSALL/1092.jpg,OBJECTSALL/1727.jpg,OBJECTSALL/0109.jpg,OBJECTSALL/0549.jpg
6AFC,0,1,exemplarA/201.jpg,exemplarB/0201.jpg,4191.8327169418335,OBJECTSALL/0945.jpg,OBJECTSALL/0945.jpg,OBJECTSALL/1556.jpg,OBJECTSALL/0879.jpg,OBJECTSALL/1212.jpg,OBJECTSALL/0987.jpg
6AFC,1,6,exemplarB/0296.jpg,exemplarA/296.jpg,4193.38538980484,exemplarB/0296.jpg,OBJECTSALL/1139.jpg,OBJECTSALL/0542.jpg,OBJECTSALL/0881.jpg,OBJECTSALL/1533.jpg,OBJECTSALL/1199.jpg
6AFC,0,3,exemplarB/0101.jpg,exemplarA/101.jpg,4196.4001269340515,OBJECTSALL/1080.jpg,OBJECTSALL/1723.jpg,OBJECTSALL/0151.jpg,OBJECTSALL/1080.jpg,OBJECTSALL/1751.jpg,OBJECTSALL/1814.jpg
6AFC,0,3,exemplarA/399.jpg,exemplarB/0399.jpg,4202.568798780441,OBJECTSALL/1477.jpg,OBJECTSALL/0072.jpg,OBJECTSALL/0978.jpg,OBJECTSALL/1477.jpg,OBJECTSALL/0483.jpg,OBJECTSALL/1514.jpg
6AFC,0,5,exemplarB/0143.jpg,exemplarA/143.jpg,4223.930461883545,OBJECTSALL/1657.jpg,OBJECTSALL/1776.jpg,OBJECTSALL/0007.jpg,OBJECTSALL/0015.jpg,OBJECTSALL/1672.jpg,OBJECTSALL/1657.jpg
6AFC,1,6,exemplarA/285.jpg,exemplarB/0285.jpg,4225.522674798965,exemplarA/285.jpg,OBJECTSALL/1126.jpg,OBJECTSALL/1621.jpg,OBJECTSALL/1762.jpg,OBJECTSALL/0343.jpg,OBJECTSALL/0947.jpg
6AFC,1,2,exemplarA/156.jpg,exemplarB/0156.jpg,4229.6386868953705,exemplarA/156.jpg,OBJECTSALL/0257.jpg,OBJECTSALL/0131.jpg,OBJECTSALL/1217.jpg,OBJECTSALL/0291.jpg,OBJECTSALL/0146.jpg
6AFC,0,3,exemplarA/103.jpg,exemplarB/0103.jpg,4235.327207803726,OBJECTSALL/0709.jpg,OBJECTSALL/0830.jpg,OBJECTSALL/1160.jpg,OBJECTSALL/0709.jpg,OBJECTSALL/1593.jpg,OBJECTSALL/1136.jpg
6AFC,0,3,exemplarB/058.jpg,exemplarA/58.jpg,4235.487590789795,OBJECTSALL/0305.jpg,OBJECTSALL/0427.jpg,OBJECTSALL/0191.jpg,OBJECTSALL/0305.jpg,OBJECTSALL/0265.jpg,OBJECTSALL/1388.jpg
6AFC,1,1,exemplarB/097.jpg,exemplarA/97.jpg,4237.1399919986725,exemplarB/097.jpg,OBJECTSALL/1059.jpg,OBJECTSALL/1950.jpg,OBJECTSALL/0577.jpg,OBJECTSALL/0371.jpg,OBJECTSALL/0875.jpg
6AFC,0,6,exemplarA/32.jpg,exemplarB/032.jpg,4241.606359958649,OBJECTSALL/1908.jpg,OBJECTSALL/0799.jpg,OBJECTSALL/0030.jpg,OBJECTSALL/1536.jpg,OBJECTSALL/1671.jpg,OBJECTSALL/0771.jpg
6AFC,0,5,exemplarA/358.jpg,exemplarB/0358.jpg,4248.176442861557,OBJECTSALL/0714.jpg,OBJECTSALL/1369.jpg,OBJECTSALL/0923.jpg,OBJECTSALL/0480.jpg,OBJECTSALL/0999.jpg,OBJECTSALL/0714.jpg
6AFC,0,6,exemplarB/0267.jpg,exemplarA/267.jpg,4251.911338806152,OBJECTSALL/0571.jpg,OBJECTSALL/1733.jpg,OBJECTSALL/0287.jpg,OBJECTSALL/0301.jpg,OBJECTSALL/1898.jpg,OBJECTSALL/0650.jpg
6AFC,0,6,exemplarA/79.jpg,exemplarB/079.jpg,4252.07205080986,OBJECTSALL/0882.jpg,OBJECTSALL/1018.jpg,OBJECTSALL/1594.jpg,OBJECTSALL/1859.jpg,OBJECTSALL/1073.jpg,OBJECTSALL/0846.jpg
6AFC,0,4,exemplarA/376.jpg,exemplarB/0376.JPG,4258.561686992645,OBJECTSALL/1010.jpg,OBJECTSALL/0385.jpg,OBJECTSALL/1462.jpg,OBJECTSALL/0192.jpg,OBJECTSALL/1010.jpg,OBJECTSALL/0616.jpg
6AFC,1,2,exemplarA/244.jpg,exemplarB/0244.jpg,4262.356610774994,exemplarA/244.jpg,OBJECTSALL/0335.jpg,OBJECTSALL/1917.jpg,OBJECTSALL/1769.jpg,OBJECTSALL/1487.jpg,OBJECTSALL/0119.jpg
6AFC,0,2,exemplarA/362.jpg,exemplarB/0362.jpg,4262.487275838852,OBJECTSALL/0333.jpg,OBJECTSALL/1367.jpg,OBJECTSALL/0333.jpg,OBJECTSALL/0698.jpg,OBJECTSALL/0202.jpg,OBJECTSALL/0266.jpg
6AFC,1,2,exemplarB/0272.jpg,exemplarA/272.jpg,4264.810476779938,exemplarB/0272.jpg,OBJECTSALL/1343.jpg,OBJECTSALL/1912.jpg,OBJECTSALL/0434.jpg,OBJECTSALL/0255.jpg,OBJECTSALL/1081.jpg
6AFC,0,5,exemplarB/0228.jpg,exemplarA/228.jpg,4271.430723905563,OBJECTSALL/0022.jpg,OBJECTSALL/1681.jpg,OBJECTSALL/0870.jpg,OBJECTSALL/1571.jpg,OBJECTSALL/0854.jpg,OBJECTSALL/0022.jpg
6AFC,0,3,exemplarA/260.jpg,exemplarB/0260.jpg,4280.253513813019,OBJECTSALL/1191.jpg,OBJECTSALL/1569.jpg,OBJECTSALL/0224.jpg,OBJECTSALL/1191.jpg,OBJECTSALL/0070.jpg,OBJECTSALL/0085.jpg
6AFC,1,3,exemplarA/44.jpg,exemplarB/044.jpg,4282.176526784897,exemplarA/44.jpg,OBJECTSALL/0841.jpg,OBJECTSALL/0995.jpg,OBJECTSALL/1095.jpg,OBJECTSALL/0904.jpg,OBJECTSALL/1668.jpg
6AFC,1,2,exemplarA/225.jpg,exemplarB/0225.jpg,4283.668334007263,exemplarA/225.jpg,OBJECTSALL/1102.jpg,OBJECTSALL/1435.jpg,OBJECTSALL/1058.jpg,OBJECTSALL/0402.jpg,OBJECTSALL/0076.jpg
6AFC,1,1,exemplarB/096.jpg,exemplarA/96.jpg,4285.671029806137,exemplarB/096.jpg,OBJECTSALL/1297.jpg,OBJECTSALL/0033.jpg,OBJECTSALL/1355.jpg,OBJECTSALL/0815.jpg,OBJECTSALL/0800.jpg
6AFC,1,2,exemplarB/0308.jpg,exemplarA/308.jpg,4288.825868844986,exemplarB/0308.jpg,OBJECTSALL/0324.jpg,OBJECTSALL/0136.jpg,OBJECTSALL/0856.jpg,OBJECTSALL/1061.jpg,OBJECTSALL/0024.jpg
6AFC,0,4,exemplarB/0193.jpg,exemplarA/193.jpg,4292.301374912262,OBJECTSALL/0886.jpg,OBJECTSALL/0909.jpg,OBJECTSALL/0290.jpg,OBJECTSALL/1475.jpg,OBJECTSALL/0886.jpg,OBJECTSALL/0495.jpg
6AFC,0,2,exemplarA/88.jpg,exemplarB/088.jpg,4296.867700815201,OBJECTSALL/0380.jpg,OBJECTSALL/1555.jpg,OBJECTSALL/0380.jpg,OBJECTSALL/0564.jpg,OBJECTSALL/0406.jpg,OBJECTSALL/1907.jpg
6AFC,1,6,exemplarB/0125.jpg,exemplarA/125.jpg,4298.950742959976,exemplarB/0125.jpg,OBJECTSALL/0618.jpg,OBJECTSALL/1684.jpg,OBJECTSALL/1505.jpg,OBJECTSALL/0410.jpg,OBJECTSALL/0437.jpg
6AFC,0,2,exemplarA/373.jpg,exemplarB/0373.jpg,4304.2190198898315,OBJECTSALL/0717.jpg,OBJECTSALL/1827.jpg,OBJECTSALL/0717.jpg,OBJECTSALL/0657.jpg,OBJECTSALL/0170.jpg,OBJECTSALL/0254.jpg
6AFC,0,2,exemplarB/063.jpg,exemplarA/63.jpg,4304.369007825851,OBJECTSALL/1692.jpg,OBJECTSALL/0250.jpg,OBJECTSALL/1692.jpg,OBJECTSALL/0611.jpg,OBJECTSALL/1291.jpg,OBJECTSALL/1920.jpg
6AFC,1,6,exemplarA/333.jpg,exemplarB/0333.jpg,4306.862383842468,exemplarA/333.jpg,OBJECTSALL/0540.jpg,OBJECTSALL/0895.jpg,OBJECTSALL/0996.jpg,OBJECTSALL/0062.jpg,OBJECTSALL/1378.jpg
6AFC,0,3,exemplarB/0345.jpg,exemplarA/345.jpg,4317.198299884796,OBJECTSALL/0557.jpg,OBJECTSALL/1897.jpg,OBJECTSALL/1357.jpg,OBJECTSALL/0557.jpg,OBJECTSALL/0424.jpg,OBJECTSALL/1628.jpg
